Name,Slug,Collection ID,Item ID,Created On,Updated On,Published On,amazon connect
amazon,amazon,6616bf5b4a49e925d9730af0,6618808d796c160fccd297e9,Fri Apr 12 2024 00:30:05 GMT+0000 (Coordinated Universal Time),Fri May 17 2024 05:19:43 GMT+0000 (Coordinated Universal Time),Tue Jun 11 2024 07:33:21 GMT+0000 (Coordinated Universal Time),
JZ Draw,jz-draw,6616bf5b4a49e925d9730af0,6616c26ec7f391d07b33665c,Wed Apr 10 2024 16:46:38 GMT+0000 (Coordinated Universal Time),Fri May 17 2024 05:19:35 GMT+0000 (Coordinated Universal Time),Tue Jun 11 2024 07:33:21 GMT+0000 (Coordinated Universal Time),
JZ Fuel,jz-fuel,6616bf5b4a49e925d9730af0,6616c27081d47bdad714e5e8,Wed Apr 10 2024 16:46:40 GMT+0000 (Coordinated Universal Time),Fri May 17 2024 05:19:35 GMT+0000 (Coordinated Universal Time),Tue Jun 11 2024 07:33:21 GMT+0000 (Coordinated Universal Time),
JZ Parking,jz-parking,6616bf5b4a49e925d9730af0,6616c271b92c2f5f4c62bb75,Wed Apr 10 2024 16:46:41 GMT+0000 (Coordinated Universal Time),Fri May 17 2024 05:19:35 GMT+0000 (Coordinated Universal Time),Tue Jun 11 2024 07:33:21 GMT+0000 (Coordinated Universal Time),
LG Apple,lg-apple,6616bf5b4a49e925d9730af0,6616c27285770def647102f6,Wed Apr 10 2024 16:46:42 GMT+0000 (Coordinated Universal Time),Fri May 17 2024 05:19:36 GMT+0000 (Coordinated Universal Time),Tue Jun 11 2024 07:33:21 GMT+0000 (Coordinated Universal Time),
LG Automotive,lg-automotive,6616bf5b4a49e925d9730af0,6616c274379c3fb1cfad4842,Wed Apr 10 2024 16:46:44 GMT+0000 (Coordinated Universal Time),Fri May 17 2024 05:19:36 GMT+0000 (Coordinated Universal Time),Tue Jun 11 2024 07:33:21 GMT+0000 (Coordinated Universal Time),
LG Candle-biz,lg-candle-biz,6616bf5b4a49e925d9730af0,66288c714e48ba602e426c17,Wed Apr 24 2024 04:37:05 GMT+0000 (Coordinated Universal Time),Fri May 17 2024 05:19:44 GMT+0000 (Coordinated Universal Time),Tue Jun 11 2024 07:33:21 GMT+0000 (Coordinated Universal Time),
LG Cellphone,lg-cellphone,6616bf5b4a49e925d9730af0,6616c2760371b60776f8a4e1,Wed Apr 10 2024 16:46:46 GMT+0000 (Coordinated Universal Time),Fri May 17 2024 05:19:37 GMT+0000 (Coordinated Universal Time),Tue Jun 11 2024 07:33:21 GMT+0000 (Coordinated Universal Time),
LG Cigar,lg-cigar,6616bf5b4a49e925d9730af0,66288e7e5c0f18e54c25c11e,Wed Apr 24 2024 04:45:50 GMT+0000 (Coordinated Universal Time),Fri May 17 2024 05:19:45 GMT+0000 (Coordinated Universal Time),Tue Jun 11 2024 07:33:21 GMT+0000 (Coordinated Universal Time),
LG Cycling,lg-cycling,6616bf5b4a49e925d9730af0,66288ee080e628718924b2fa,Wed Apr 24 2024 04:47:28 GMT+0000 (Coordinated Universal Time),Fri May 17 2024 05:19:46 GMT+0000 (Coordinated Universal Time),Tue Jun 11 2024 07:33:21 GMT+0000 (Coordinated Universal Time),
LG Dining,lg-dining,6616bf5b4a49e925d9730af0,6616c277fc60920494016836,Wed Apr 10 2024 16:46:47 GMT+0000 (Coordinated Universal Time),Fri May 17 2024 05:19:37 GMT+0000 (Coordinated Universal Time),Tue Jun 11 2024 07:33:21 GMT+0000 (Coordinated Universal Time),
LG Draw,lg-draw,6616bf5b4a49e925d9730af0,6616c279c20ba7d8a97ff42b,Wed Apr 10 2024 16:46:49 GMT+0000 (Coordinated Universal Time),Fri May 17 2024 05:19:37 GMT+0000 (Coordinated Universal Time),Tue Jun 11 2024 07:33:21 GMT+0000 (Coordinated Universal Time),
LG Fashion,lg-fashion,6616bf5b4a49e925d9730af0,66187b4923e5b5df045f5240,Fri Apr 12 2024 00:07:37 GMT+0000 (Coordinated Universal Time),Fri May 17 2024 05:19:43 GMT+0000 (Coordinated Universal Time),Tue Jun 11 2024 07:33:21 GMT+0000 (Coordinated Universal Time),
LG Flight,lg-flight,6616bf5b4a49e925d9730af0,6616c27abe23095c5f556543,Wed Apr 10 2024 16:46:50 GMT+0000 (Coordinated Universal Time),Fri May 17 2024 05:19:38 GMT+0000 (Coordinated Universal Time),Tue Jun 11 2024 07:33:21 GMT+0000 (Coordinated Universal Time),
LG Fuel,lg-fuel,6616bf5b4a49e925d9730af0,6616c27b27bfc4bd38ef25b4,Wed Apr 10 2024 16:46:51 GMT+0000 (Coordinated Universal Time),Fri May 17 2024 05:19:38 GMT+0000 (Coordinated Universal Time),Tue Jun 11 2024 07:33:21 GMT+0000 (Coordinated Universal Time),
LG Golf,lg-golf,6616bf5b4a49e925d9730af0,662893ee5dee0307eaa14135,Wed Apr 24 2024 05:09:02 GMT+0000 (Coordinated Universal Time),Fri May 17 2024 05:19:48 GMT+0000 (Coordinated Universal Time),Tue Jun 11 2024 07:33:21 GMT+0000 (Coordinated Universal Time),
LG Home,lg-home,6616bf5b4a49e925d9730af0,66288d6d471db63b6710550f,Wed Apr 24 2024 04:41:17 GMT+0000 (Coordinated Universal Time),Fri May 17 2024 05:19:44 GMT+0000 (Coordinated Universal Time),Tue Jun 11 2024 07:33:21 GMT+0000 (Coordinated Universal Time),
LG Kid,lg-kid,6616bf5b4a49e925d9730af0,6628937241325c859a35b82c,Wed Apr 24 2024 05:06:58 GMT+0000 (Coordinated Universal Time),Fri May 17 2024 05:19:47 GMT+0000 (Coordinated Universal Time),Tue Jun 11 2024 07:33:21 GMT+0000 (Coordinated Universal Time),
LG Lifestyle,lg-lifestyle,6616bf5b4a49e925d9730af0,6616c27cc258c957eccb2932,Wed Apr 10 2024 16:46:52 GMT+0000 (Coordinated Universal Time),Fri May 17 2024 05:19:38 GMT+0000 (Coordinated Universal Time),Tue Jun 11 2024 07:33:21 GMT+0000 (Coordinated Universal Time),
LG Live,lg-live,6616bf5b4a49e925d9730af0,6616c27d8cfea96e9e242ecb,Wed Apr 10 2024 16:46:53 GMT+0000 (Coordinated Universal Time),Fri May 17 2024 05:19:39 GMT+0000 (Coordinated Universal Time),Tue Jun 11 2024 07:33:21 GMT+0000 (Coordinated Universal Time),
LG Lyft,lg-lyft,6616bf5b4a49e925d9730af0,6616c27f0cfe74b7c530ff65,Wed Apr 10 2024 16:46:55 GMT+0000 (Coordinated Universal Time),Fri May 17 2024 05:19:39 GMT+0000 (Coordinated Universal Time),Tue Jun 11 2024 07:33:21 GMT+0000 (Coordinated Universal Time),
LG Parking,lg-parking,6616bf5b4a49e925d9730af0,6616c28080128be901378d17,Wed Apr 10 2024 16:46:56 GMT+0000 (Coordinated Universal Time),Fri May 17 2024 05:19:39 GMT+0000 (Coordinated Universal Time),Tue Jun 11 2024 07:33:21 GMT+0000 (Coordinated Universal Time),
LG Personal,lg-personal,6616bf5b4a49e925d9730af0,6616c2818437b10d261bca02,Wed Apr 10 2024 16:46:57 GMT+0000 (Coordinated Universal Time),Fri May 17 2024 05:19:40 GMT+0000 (Coordinated Universal Time),Tue Jun 11 2024 07:33:21 GMT+0000 (Coordinated Universal Time),
LG Pet,lg-pet,6616bf5b4a49e925d9730af0,662897030c6b0750f449025e,Wed Apr 24 2024 05:22:11 GMT+0000 (Coordinated Universal Time),Fri May 17 2024 05:19:49 GMT+0000 (Coordinated Universal Time),Tue Jun 11 2024 07:33:21 GMT+0000 (Coordinated Universal Time),
LG Pizza Biz,lg-pizza-biz,6616bf5b4a49e925d9730af0,6616c27517f887410574a95c,Wed Apr 10 2024 16:46:45 GMT+0000 (Coordinated Universal Time),Fri May 17 2024 05:19:36 GMT+0000 (Coordinated Universal Time),Tue Jun 11 2024 07:33:21 GMT+0000 (Coordinated Universal Time),
LG Proposal,lg-proposal,6616bf5b4a49e925d9730af0,66288e05a7dca62c1250f19e,Wed Apr 24 2024 04:43:49 GMT+0000 (Coordinated Universal Time),Fri May 17 2024 05:19:45 GMT+0000 (Coordinated Universal Time),Tue Jun 11 2024 07:33:21 GMT+0000 (Coordinated Universal Time),
LG Studio,lg-studio,6616bf5b4a49e925d9730af0,6628946350f2e972b3eb9921,Wed Apr 24 2024 05:10:59 GMT+0000 (Coordinated Universal Time),Fri May 17 2024 05:19:48 GMT+0000 (Coordinated Universal Time),Tue Jun 11 2024 07:33:21 GMT+0000 (Coordinated Universal Time),
LG Uber,lg-uber,6616bf5b4a49e925d9730af0,6616c283de79c71fb1d9e8d3,Wed Apr 10 2024 16:46:59 GMT+0000 (Coordinated Universal Time),Fri May 17 2024 05:19:40 GMT+0000 (Coordinated Universal Time),Tue Jun 11 2024 07:33:21 GMT+0000 (Coordinated Universal Time),
LG Wedding,lg-wedding,6616bf5b4a49e925d9730af0,66288e030d3e8b8352765664,Wed Apr 24 2024 04:43:47 GMT+0000 (Coordinated Universal Time),Fri May 17 2024 05:19:45 GMT+0000 (Coordinated Universal Time),Tue Jun 11 2024 07:33:21 GMT+0000 (Coordinated Universal Time),
LG Weightloss,lg-weightloss,6616bf5b4a49e925d9730af0,662894645a742c0c84df77d8,Wed Apr 24 2024 05:11:00 GMT+0000 (Coordinated Universal Time),Fri May 17 2024 05:19:49 GMT+0000 (Coordinated Universal Time),Tue Jun 11 2024 07:33:21 GMT+0000 (Coordinated Universal Time),
LG Wine,lg-wine,6616bf5b4a49e925d9730af0,66288e7f5c0f18e54c25c214,Wed Apr 24 2024 04:45:51 GMT+0000 (Coordinated Universal Time),Fri May 17 2024 05:19:46 GMT+0000 (Coordinated Universal Time),Tue Jun 11 2024 07:33:21 GMT+0000 (Coordinated Universal Time),
misappropriation,misappropriation,6616bf5b4a49e925d9730af0,6618808e16f081f252298b3e,Fri Apr 12 2024 00:30:06 GMT+0000 (Coordinated Universal Time),Fri May 17 2024 05:19:44 GMT+0000 (Coordinated Universal Time),Tue Jun 11 2024 07:33:21 GMT+0000 (Coordinated Universal Time),
PH Uber,ph-uber,6616bf5b4a49e925d9730af0,6616c2840371b60776f8b401,Wed Apr 10 2024 16:47:00 GMT+0000 (Coordinated Universal Time),Fri May 17 2024 05:19:41 GMT+0000 (Coordinated Universal Time),Tue Jun 11 2024 07:33:21 GMT+0000 (Coordinated Universal Time),
RBC Home Depot,rbc-home-depot,6616bf5b4a49e925d9730af0,6616c2858437b10d261bd499,Wed Apr 10 2024 16:47:01 GMT+0000 (Coordinated Universal Time),Fri May 17 2024 05:19:41 GMT+0000 (Coordinated Universal Time),Tue Jun 11 2024 07:33:21 GMT+0000 (Coordinated Universal Time),
RBC Lyft,rbc-lyft,6616bf5b4a49e925d9730af0,6616c28619835231e9ed445f,Wed Apr 10 2024 16:47:02 GMT+0000 (Coordinated Universal Time),Fri May 17 2024 05:19:42 GMT+0000 (Coordinated Universal Time),Tue Jun 11 2024 07:33:21 GMT+0000 (Coordinated Universal Time),
RBC Menards,rbc-menards,6616bf5b4a49e925d9730af0,6616c288b3fd07eb460882bc,Wed Apr 10 2024 16:47:04 GMT+0000 (Coordinated Universal Time),Fri May 17 2024 05:19:43 GMT+0000 (Coordinated Universal Time),Tue Jun 11 2024 07:33:21 GMT+0000 (Coordinated Universal Time),
