Name,Slug,Collection ID,Item ID,Created On,Updated On,Published On,description,color,filter feature
100%,100,66004e32e3b61b1d72c6fc44,661d8a766f339fa314ee44d6,Mon Apr 15 2024 20:13:42 GMT+0000 (Coordinated Universal Time),Fri May 17 2024 05:32:05 GMT+0000 (Coordinated Universal Time),Tue Jun 11 2024 07:33:21 GMT+0000 (Coordinated Universal Time),,#d3392f,false
2642 N Hamlin,2642-n-hamlin,66004e32e3b61b1d72c6fc44,661a1882fffa7de60b7028b4,Sat Apr 13 2024 05:30:42 GMT+0000 (Coordinated Universal Time),Fri May 17 2024 05:31:27 GMT+0000 (Coordinated Universal Time),Tue Jun 11 2024 07:33:21 GMT+0000 (Coordinated Universal Time),,#b76ba4,false
30k,30k,66004e32e3b61b1d72c6fc44,661a1880d467070de918a4c7,Sat Apr 13 2024 05:30:40 GMT+0000 (Coordinated Universal Time),Fri May 17 2024 05:31:25 GMT+0000 (Coordinated Universal Time),Tue Jun 11 2024 07:33:21 GMT+0000 (Coordinated Universal Time),,#0ae995,false
4200 W Diversey,4200-w-diversey,66004e32e3b61b1d72c6fc44,661a1883d283efbe0205ab1f,Sat Apr 13 2024 05:30:43 GMT+0000 (Coordinated Universal Time),Fri May 17 2024 05:31:27 GMT+0000 (Coordinated Universal Time),Tue Jun 11 2024 07:33:21 GMT+0000 (Coordinated Universal Time),,#1ac428,false
4k-agree,4k-agree,66004e32e3b61b1d72c6fc44,661a187fd283efbe0205a494,Sat Apr 13 2024 05:30:39 GMT+0000 (Coordinated Universal Time),Fri May 17 2024 05:31:25 GMT+0000 (Coordinated Universal Time),Tue Jun 11 2024 07:33:21 GMT+0000 (Coordinated Universal Time),,#9e742e,false
50-50,50-50,66004e32e3b61b1d72c6fc44,661cb30d05c900f7a61fc22c,Mon Apr 15 2024 04:54:37 GMT+0000 (Coordinated Universal Time),Fri May 17 2024 05:32:29 GMT+0000 (Coordinated Universal Time),Tue Jun 11 2024 07:33:21 GMT+0000 (Coordinated Universal Time),,#7d4f2d,true
53,53,66004e32e3b61b1d72c6fc44,661a1881b2ece8a04f33bba6,Sat Apr 13 2024 05:30:41 GMT+0000 (Coordinated Universal Time),Fri May 17 2024 05:31:26 GMT+0000 (Coordinated Universal Time),Tue Jun 11 2024 07:33:21 GMT+0000 (Coordinated Universal Time),,#e81abe,true
abandoned,abandoned,66004e32e3b61b1d72c6fc44,663964918b12d25d86a16bba,Mon May 06 2024 23:15:29 GMT+0000 (Coordinated Universal Time),Fri May 17 2024 05:32:46 GMT+0000 (Coordinated Universal Time),Tue Jun 11 2024 07:33:21 GMT+0000 (Coordinated Universal Time),,,true
abandonment,abandonment,66004e32e3b61b1d72c6fc44,661a1883e65a5580ebe2f973,Sat Apr 13 2024 05:30:43 GMT+0000 (Coordinated Universal Time),Fri May 17 2024 05:31:27 GMT+0000 (Coordinated Universal Time),Tue Jun 11 2024 07:33:21 GMT+0000 (Coordinated Universal Time),,#15dc6b,false
accountability,accountability,66004e32e3b61b1d72c6fc44,661ca7d67b1411f268cb4cb9,Mon Apr 15 2024 04:06:46 GMT+0000 (Coordinated Universal Time),Fri May 17 2024 05:32:32 GMT+0000 (Coordinated Universal Time),Tue Jun 11 2024 07:33:21 GMT+0000 (Coordinated Universal Time),,#bd40f6,true
accounting,accounting,66004e32e3b61b1d72c6fc44,661a188435c191d7c95a0666,Sat Apr 13 2024 05:30:44 GMT+0000 (Coordinated Universal Time),Fri May 17 2024 05:31:28 GMT+0000 (Coordinated Universal Time),Tue Jun 11 2024 07:33:21 GMT+0000 (Coordinated Universal Time),,#da3288,true
acct-weapon,acct-weapon,66004e32e3b61b1d72c6fc44,661a188500ab018dd3551682,Sat Apr 13 2024 05:30:45 GMT+0000 (Coordinated Universal Time),Fri May 17 2024 05:31:28 GMT+0000 (Coordinated Universal Time),Tue Jun 11 2024 07:33:21 GMT+0000 (Coordinated Universal Time),,#dee42c,false
admits,admits,66004e32e3b61b1d72c6fc44,661ca10205c900f7a6105344,Mon Apr 15 2024 03:37:38 GMT+0000 (Coordinated Universal Time),Fri May 17 2024 05:32:40 GMT+0000 (Coordinated Universal Time),Tue Jun 11 2024 07:33:21 GMT+0000 (Coordinated Universal Time),,#935630,true
after-2642,after-2642,66004e32e3b61b1d72c6fc44,661cd4de71e6e964192b7d63,Mon Apr 15 2024 07:18:54 GMT+0000 (Coordinated Universal Time),Fri May 17 2024 05:32:22 GMT+0000 (Coordinated Universal Time),Tue Jun 11 2024 07:33:21 GMT+0000 (Coordinated Universal Time),,#ff6ee2,false
all-lg,all-lg,66004e32e3b61b1d72c6fc44,661ca41ef83bb22e1a8b23fa,Mon Apr 15 2024 03:50:54 GMT+0000 (Coordinated Universal Time),Fri May 17 2024 05:32:36 GMT+0000 (Coordinated Universal Time),Tue Jun 11 2024 07:33:21 GMT+0000 (Coordinated Universal Time),,#dc2a2c,false
amazon,amazon,66004e32e3b61b1d72c6fc44,661a188600ab018dd3551897,Sat Apr 13 2024 05:30:46 GMT+0000 (Coordinated Universal Time),Fri May 17 2024 05:31:29 GMT+0000 (Coordinated Universal Time),Tue Jun 11 2024 07:33:21 GMT+0000 (Coordinated Universal Time),,#44a26e,true
ar,ar,66004e32e3b61b1d72c6fc44,663039093f904d580c64b22d,Tue Apr 30 2024 00:19:21 GMT+0000 (Coordinated Universal Time),Fri May 17 2024 05:32:43 GMT+0000 (Coordinated Universal Time),Tue Jun 11 2024 07:33:21 GMT+0000 (Coordinated Universal Time),,#ea28ca,true
at&t,atandt,66004e32e3b61b1d72c6fc44,661a188735342e106149c4a1,Sat Apr 13 2024 05:30:47 GMT+0000 (Coordinated Universal Time),Fri May 17 2024 05:31:29 GMT+0000 (Coordinated Universal Time),Tue Jun 11 2024 07:33:21 GMT+0000 (Coordinated Universal Time),,#fae583,true
auto,auto,66004e32e3b61b1d72c6fc44,661a1888edb07d4dc3f0e5c4,Sat Apr 13 2024 05:30:48 GMT+0000 (Coordinated Universal Time),Fri May 17 2024 05:31:30 GMT+0000 (Coordinated Universal Time),Tue Jun 11 2024 07:33:21 GMT+0000 (Coordinated Universal Time),,#871779,true
awa,awa,66004e32e3b61b1d72c6fc44,661a188920b87fd181b44feb,Sat Apr 13 2024 05:30:48 GMT+0000 (Coordinated Universal Time),Fri May 17 2024 05:31:30 GMT+0000 (Coordinated Universal Time),Tue Jun 11 2024 07:33:21 GMT+0000 (Coordinated Universal Time),,#1b3f30,true
barter,barter,66004e32e3b61b1d72c6fc44,661a1889edb07d4dc3f0e6ff,Sat Apr 13 2024 05:30:49 GMT+0000 (Coordinated Universal Time),Fri May 17 2024 05:31:30 GMT+0000 (Coordinated Universal Time),Tue Jun 11 2024 07:33:21 GMT+0000 (Coordinated Universal Time),,#9b3eb5,true
baum,baum,66004e32e3b61b1d72c6fc44,661a188abf00f5be7c9c32e5,Sat Apr 13 2024 05:30:50 GMT+0000 (Coordinated Universal Time),Fri May 17 2024 05:31:31 GMT+0000 (Coordinated Universal Time),Tue Jun 11 2024 07:33:21 GMT+0000 (Coordinated Universal Time),,#212a6b,true
because-len,because-len,66004e32e3b61b1d72c6fc44,661d316c3062bba72c7659eb,Mon Apr 15 2024 13:53:48 GMT+0000 (Coordinated Universal Time),Fri May 17 2024 05:32:13 GMT+0000 (Coordinated Universal Time),Tue Jun 11 2024 07:33:21 GMT+0000 (Coordinated Universal Time),,#651201,false
behavior,behavior,66004e32e3b61b1d72c6fc44,661d280d1d90d5500bae593e,Mon Apr 15 2024 13:13:49 GMT+0000 (Coordinated Universal Time),Fri May 17 2024 05:32:21 GMT+0000 (Coordinated Universal Time),Tue Jun 11 2024 07:33:21 GMT+0000 (Coordinated Universal Time),,#2fc91a,true
bellig,bellig,66004e32e3b61b1d72c6fc44,661a188bebce5d66aa74d1c7,Sat Apr 13 2024 05:30:51 GMT+0000 (Coordinated Universal Time),Fri May 17 2024 05:31:31 GMT+0000 (Coordinated Universal Time),Tue Jun 11 2024 07:33:21 GMT+0000 (Coordinated Universal Time),,#ff6a4c,true
biz-agree,biz-agree,66004e32e3b61b1d72c6fc44,661cb6370f2ff2c80da44df2,Mon Apr 15 2024 05:08:07 GMT+0000 (Coordinated Universal Time),Fri May 17 2024 05:32:28 GMT+0000 (Coordinated Universal Time),Tue Jun 11 2024 07:33:21 GMT+0000 (Coordinated Universal Time),,#12cca3,true
biz-as-usual,biz-as-usual,66004e32e3b61b1d72c6fc44,661ca1e3c3a82b8be86cd8e5,Mon Apr 15 2024 03:41:23 GMT+0000 (Coordinated Universal Time),Fri May 17 2024 05:32:39 GMT+0000 (Coordinated Universal Time),Tue Jun 11 2024 07:33:21 GMT+0000 (Coordinated Universal Time),,#58ea6d,true
both-sides,both-sides,66004e32e3b61b1d72c6fc44,661ca3aee3dacb8bb2399e95,Mon Apr 15 2024 03:49:02 GMT+0000 (Coordinated Universal Time),Fri May 17 2024 05:32:37 GMT+0000 (Coordinated Universal Time),Tue Jun 11 2024 07:33:21 GMT+0000 (Coordinated Universal Time),,#8a5cb4,false
call-out,call-out,66004e32e3b61b1d72c6fc44,661a188c66dbc63307f4fb6c,Sat Apr 13 2024 05:30:52 GMT+0000 (Coordinated Universal Time),Fri May 17 2024 05:31:32 GMT+0000 (Coordinated Universal Time),Tue Jun 11 2024 07:33:21 GMT+0000 (Coordinated Universal Time),,#1b347a,true
candle-biz,candle-biz,66004e32e3b61b1d72c6fc44,661a188d3b418da3736985b6,Sat Apr 13 2024 05:30:53 GMT+0000 (Coordinated Universal Time),Fri May 17 2024 05:31:32 GMT+0000 (Coordinated Universal Time),Tue Jun 11 2024 07:33:21 GMT+0000 (Coordinated Universal Time),,#50074f,false
cc-abuse,cc-abuse,66004e32e3b61b1d72c6fc44,661a188d3b418da373698635,Sat Apr 13 2024 05:30:53 GMT+0000 (Coordinated Universal Time),Fri May 17 2024 05:31:32 GMT+0000 (Coordinated Universal Time),Tue Jun 11 2024 07:33:21 GMT+0000 (Coordinated Universal Time),,#4d8441,true
cc-rewards,cc-rewards,66004e32e3b61b1d72c6fc44,661a188eedc3976552996a7e,Sat Apr 13 2024 05:30:54 GMT+0000 (Coordinated Universal Time),Fri May 17 2024 05:31:33 GMT+0000 (Coordinated Universal Time),Tue Jun 11 2024 07:33:21 GMT+0000 (Coordinated Universal Time),,#4576bc,true
chase,chase,66004e32e3b61b1d72c6fc44,661a188fe3af163e81f3e1b3,Sat Apr 13 2024 05:30:55 GMT+0000 (Coordinated Universal Time),Fri May 17 2024 05:31:33 GMT+0000 (Coordinated Universal Time),Tue Jun 11 2024 07:33:21 GMT+0000 (Coordinated Universal Time),,#abfcf4,true
child,child,66004e32e3b61b1d72c6fc44,661a1891b50fabb2c2fff13a,Sat Apr 13 2024 05:30:57 GMT+0000 (Coordinated Universal Time),Fri May 17 2024 05:31:33 GMT+0000 (Coordinated Universal Time),Tue Jun 11 2024 07:33:21 GMT+0000 (Coordinated Universal Time),,#2db5e9,false
cigar,cigar,66004e32e3b61b1d72c6fc44,661a1891e65a5580ebe30978,Sat Apr 13 2024 05:30:57 GMT+0000 (Coordinated Universal Time),Fri May 17 2024 05:31:34 GMT+0000 (Coordinated Universal Time),Tue Jun 11 2024 07:33:21 GMT+0000 (Coordinated Universal Time),,#5bb141,true
cog,cog,66004e32e3b61b1d72c6fc44,661d2b5862e0c8c727e140be,Mon Apr 15 2024 13:27:52 GMT+0000 (Coordinated Universal Time),Fri May 17 2024 05:32:16 GMT+0000 (Coordinated Universal Time),Tue Jun 11 2024 07:33:21 GMT+0000 (Coordinated Universal Time),,#7978b7,true
collusion,collusion,66004e32e3b61b1d72c6fc44,661a18945fa1734f03c847de,Sat Apr 13 2024 05:31:00 GMT+0000 (Coordinated Universal Time),Fri May 17 2024 05:31:34 GMT+0000 (Coordinated Universal Time),Tue Jun 11 2024 07:33:21 GMT+0000 (Coordinated Universal Time),,#8973bc,true
confusing,confusing,66004e32e3b61b1d72c6fc44,661cb2b188dd92f7fc278c3c,Mon Apr 15 2024 04:53:05 GMT+0000 (Coordinated Universal Time),Fri May 17 2024 05:32:30 GMT+0000 (Coordinated Universal Time),Tue Jun 11 2024 07:33:21 GMT+0000 (Coordinated Universal Time),,#001daf,true
constel,constel,66004e32e3b61b1d72c6fc44,661d2b76e56e7a02900c3705,Mon Apr 15 2024 13:28:22 GMT+0000 (Coordinated Universal Time),Fri May 17 2024 05:32:16 GMT+0000 (Coordinated Universal Time),Tue Jun 11 2024 07:33:21 GMT+0000 (Coordinated Universal Time),,#fab063,true
cycling,cycling,66004e32e3b61b1d72c6fc44,661a1895fe84fe006f591e76,Sat Apr 13 2024 05:31:01 GMT+0000 (Coordinated Universal Time),Fri May 17 2024 05:31:35 GMT+0000 (Coordinated Universal Time),Tue Jun 11 2024 07:33:21 GMT+0000 (Coordinated Universal Time),,#4b3dc1,false
dating,dating,66004e32e3b61b1d72c6fc44,661cb58005c900f7a621fcbb,Mon Apr 15 2024 05:05:04 GMT+0000 (Coordinated Universal Time),Fri May 17 2024 05:32:29 GMT+0000 (Coordinated Universal Time),Tue Jun 11 2024 07:33:21 GMT+0000 (Coordinated Universal Time),,#efc493,false
dir-evid,dir-evid,66004e32e3b61b1d72c6fc44,661a1896a83276d0ec96b95e,Sat Apr 13 2024 05:31:02 GMT+0000 (Coordinated Universal Time),Fri May 17 2024 05:31:35 GMT+0000 (Coordinated Universal Time),Tue Jun 11 2024 07:33:21 GMT+0000 (Coordinated Universal Time),,#4b362d,true
dont-have-to,dont-have-to,66004e32e3b61b1d72c6fc44,661f440866d9ee09c33a09e7,Wed Apr 17 2024 03:37:44 GMT+0000 (Coordinated Universal Time),Fri May 17 2024 05:32:40 GMT+0000 (Coordinated Universal Time),Tue Jun 11 2024 07:33:21 GMT+0000 (Coordinated Universal Time),,#3e70ee,true
draws,draws,66004e32e3b61b1d72c6fc44,661a189761a3ee9d8228a6b6,Sat Apr 13 2024 05:31:03 GMT+0000 (Coordinated Universal Time),Fri May 17 2024 05:31:36 GMT+0000 (Coordinated Universal Time),Tue Jun 11 2024 07:33:21 GMT+0000 (Coordinated Universal Time),,#571419,true
eggshells,eggshells,66004e32e3b61b1d72c6fc44,6639649a622e03dd07911b27,Mon May 06 2024 23:15:38 GMT+0000 (Coordinated Universal Time),Fri May 17 2024 05:32:51 GMT+0000 (Coordinated Universal Time),Tue Jun 11 2024 07:33:21 GMT+0000 (Coordinated Universal Time),,,true
embezz,embezz,66004e32e3b61b1d72c6fc44,661a189912b728b078efefcd,Sat Apr 13 2024 05:31:05 GMT+0000 (Coordinated Universal Time),Fri May 17 2024 05:31:36 GMT+0000 (Coordinated Universal Time),Tue Jun 11 2024 07:33:21 GMT+0000 (Coordinated Universal Time),,#f91f10,true
emo,emo,66004e32e3b61b1d72c6fc44,661a189aa83276d0ec96bdde,Sat Apr 13 2024 05:31:06 GMT+0000 (Coordinated Universal Time),Fri May 17 2024 05:31:37 GMT+0000 (Coordinated Universal Time),Tue Jun 11 2024 07:33:21 GMT+0000 (Coordinated Universal Time),,#1ebe1b,true
entitled,entitled,66004e32e3b61b1d72c6fc44,661cb7a0c3a82b8be8821fa1,Mon Apr 15 2024 05:14:08 GMT+0000 (Coordinated Universal Time),Fri May 17 2024 05:32:28 GMT+0000 (Coordinated Universal Time),Tue Jun 11 2024 07:33:21 GMT+0000 (Coordinated Universal Time),,#af2dc7,true
escal2legal,escal2legal,66004e32e3b61b1d72c6fc44,661a189ba83276d0ec96c082,Sat Apr 13 2024 05:31:07 GMT+0000 (Coordinated Universal Time),Fri May 17 2024 05:31:37 GMT+0000 (Coordinated Universal Time),Tue Jun 11 2024 07:33:21 GMT+0000 (Coordinated Universal Time),,#e2bd3f,true
event-no-jz,event-no-jz,66004e32e3b61b1d72c6fc44,661d36858ef3bf2c208fdeef,Mon Apr 15 2024 14:15:33 GMT+0000 (Coordinated Universal Time),Fri May 17 2024 05:32:12 GMT+0000 (Coordinated Universal Time),Tue Jun 11 2024 07:33:21 GMT+0000 (Coordinated Universal Time),,#8a680d,true
fa,fa,66004e32e3b61b1d72c6fc44,66396490e02a3226c1e0ebe4,Mon May 06 2024 23:15:28 GMT+0000 (Coordinated Universal Time),Fri May 17 2024 05:32:45 GMT+0000 (Coordinated Universal Time),Tue Jun 11 2024 07:33:21 GMT+0000 (Coordinated Universal Time),,,true
fa-11-11,fa-11-11,66004e32e3b61b1d72c6fc44,661a189c5fa1734f03c84ef3,Sat Apr 13 2024 05:31:08 GMT+0000 (Coordinated Universal Time),Fri May 17 2024 05:31:37 GMT+0000 (Coordinated Universal Time),Tue Jun 11 2024 07:33:21 GMT+0000 (Coordinated Universal Time),,#4f9587,true
fa-carmel,fa-carmel,66004e32e3b61b1d72c6fc44,661d7f607ec141dadb4ac086,Mon Apr 15 2024 19:26:24 GMT+0000 (Coordinated Universal Time),Fri May 17 2024 05:32:07 GMT+0000 (Coordinated Universal Time),Tue Jun 11 2024 07:33:21 GMT+0000 (Coordinated Universal Time),,#684fce,true
fa-embezz,fa-embezz,66004e32e3b61b1d72c6fc44,661a189dd467070de918cb23,Sat Apr 13 2024 05:31:09 GMT+0000 (Coordinated Universal Time),Fri May 17 2024 05:31:38 GMT+0000 (Coordinated Universal Time),Tue Jun 11 2024 07:33:21 GMT+0000 (Coordinated Universal Time),,#5480cc,false
fashion,fashion,66004e32e3b61b1d72c6fc44,661a189d35342e106149e255,Sat Apr 13 2024 05:31:09 GMT+0000 (Coordinated Universal Time),Fri May 17 2024 05:31:38 GMT+0000 (Coordinated Universal Time),Tue Jun 11 2024 07:33:21 GMT+0000 (Coordinated Universal Time),,#c35887,false
fiduciary,fiduciary,66004e32e3b61b1d72c6fc44,661a189fbae3ba6190fba029,Sat Apr 13 2024 05:31:11 GMT+0000 (Coordinated Universal Time),Fri May 17 2024 05:31:39 GMT+0000 (Coordinated Universal Time),Tue Jun 11 2024 07:33:21 GMT+0000 (Coordinated Universal Time),,#3918e3,true
flight,flight,66004e32e3b61b1d72c6fc44,661a18a0a83276d0ec96c5f4,Sat Apr 13 2024 05:31:12 GMT+0000 (Coordinated Universal Time),Fri May 17 2024 05:31:40 GMT+0000 (Coordinated Universal Time),Tue Jun 11 2024 07:33:21 GMT+0000 (Coordinated Universal Time),,#41251f,true
fraud,fraud,66004e32e3b61b1d72c6fc44,661a18a1d283efbe0205e03c,Sat Apr 13 2024 05:31:13 GMT+0000 (Coordinated Universal Time),Fri May 17 2024 05:31:42 GMT+0000 (Coordinated Universal Time),Tue Jun 11 2024 07:33:21 GMT+0000 (Coordinated Universal Time),,#90820f,true
funny-2-lg,funny-2-lg,66004e32e3b61b1d72c6fc44,661d3b701411d44a627ad266,Mon Apr 15 2024 14:36:32 GMT+0000 (Coordinated Universal Time),Fri May 17 2024 05:32:09 GMT+0000 (Coordinated Universal Time),Tue Jun 11 2024 07:33:21 GMT+0000 (Coordinated Universal Time),,#86daa4,false
gl-tech,gl-tech,66004e32e3b61b1d72c6fc44,661a18a1ebce5d66aa74f6b6,Sat Apr 13 2024 05:31:13 GMT+0000 (Coordinated Universal Time),Fri May 17 2024 05:31:42 GMT+0000 (Coordinated Universal Time),Tue Jun 11 2024 07:33:21 GMT+0000 (Coordinated Universal Time),,#acf77a,false
golf,golf,66004e32e3b61b1d72c6fc44,661a18a2fe84fe006f592d6c,Sat Apr 13 2024 05:31:14 GMT+0000 (Coordinated Universal Time),Fri May 17 2024 05:31:43 GMT+0000 (Coordinated Universal Time),Tue Jun 11 2024 07:33:21 GMT+0000 (Coordinated Universal Time),,#dd25db,false
guilty,guilty,66004e32e3b61b1d72c6fc44,661a18a36cc1c1bfc76039ed,Sat Apr 13 2024 05:31:15 GMT+0000 (Coordinated Universal Time),Fri May 17 2024 05:31:44 GMT+0000 (Coordinated Universal Time),Tue Jun 11 2024 07:33:21 GMT+0000 (Coordinated Universal Time),,#436638,true
home,home,66004e32e3b61b1d72c6fc44,661a18a4fffa7de60b705b97,Sat Apr 13 2024 05:31:16 GMT+0000 (Coordinated Universal Time),Fri May 17 2024 05:31:44 GMT+0000 (Coordinated Universal Time),Tue Jun 11 2024 07:33:21 GMT+0000 (Coordinated Universal Time),,#9fdff3,true
human,human,66004e32e3b61b1d72c6fc44,66396497bc6de015a7a50556,Mon May 06 2024 23:15:35 GMT+0000 (Coordinated Universal Time),Fri May 17 2024 05:32:49 GMT+0000 (Coordinated Universal Time),Tue Jun 11 2024 07:33:21 GMT+0000 (Coordinated Universal Time),,,true
human-right,human-right,66004e32e3b61b1d72c6fc44,661d27fa7f25ba099da4be84,Mon Apr 15 2024 13:13:30 GMT+0000 (Coordinated Universal Time),Fri May 17 2024 05:32:22 GMT+0000 (Coordinated Universal Time),Tue Jun 11 2024 07:33:21 GMT+0000 (Coordinated Universal Time),,#706722,true
ignored,ignored,66004e32e3b61b1d72c6fc44,661a18a4809f662b6ecf62df,Sat Apr 13 2024 05:31:16 GMT+0000 (Coordinated Universal Time),Fri May 17 2024 05:31:45 GMT+0000 (Coordinated Universal Time),Tue Jun 11 2024 07:33:21 GMT+0000 (Coordinated Universal Time),,#3001bb,true
ignores,ignores,66004e32e3b61b1d72c6fc44,663964925e33334637144da9,Mon May 06 2024 23:15:30 GMT+0000 (Coordinated Universal Time),Fri May 17 2024 05:32:47 GMT+0000 (Coordinated Universal Time),Tue Jun 11 2024 07:33:21 GMT+0000 (Coordinated Universal Time),,,true
illegal,illegal,66004e32e3b61b1d72c6fc44,661cd1a8794c6dbc6abfb684,Mon Apr 15 2024 07:05:12 GMT+0000 (Coordinated Universal Time),Fri May 17 2024 05:32:23 GMT+0000 (Coordinated Universal Time),Tue Jun 11 2024 07:33:21 GMT+0000 (Coordinated Universal Time),,#9584e3,true
in-writing,in-writing,66004e32e3b61b1d72c6fc44,661ca50bdcc14c75442109c6,Mon Apr 15 2024 03:54:51 GMT+0000 (Coordinated Universal Time),Fri May 17 2024 05:32:35 GMT+0000 (Coordinated Universal Time),Tue Jun 11 2024 07:33:21 GMT+0000 (Coordinated Universal Time),,#a73ce9,true
intent,intent,66004e32e3b61b1d72c6fc44,661a18a59a8f7d246882ef5e,Sat Apr 13 2024 05:31:17 GMT+0000 (Coordinated Universal Time),Fri May 17 2024 05:31:45 GMT+0000 (Coordinated Universal Time),Tue Jun 11 2024 07:33:21 GMT+0000 (Coordinated Universal Time),,#536840,true
irrecon,irrecon,66004e32e3b61b1d72c6fc44,661cc87c5cc17fac0c9fb089,Mon Apr 15 2024 06:26:04 GMT+0000 (Coordinated Universal Time),Fri May 17 2024 05:32:24 GMT+0000 (Coordinated Universal Time),Tue Jun 11 2024 07:33:21 GMT+0000 (Coordinated Universal Time),,#ff0715,true
jfg,jfg,66004e32e3b61b1d72c6fc44,661d2b312660df79aec23294,Mon Apr 15 2024 13:27:13 GMT+0000 (Coordinated Universal Time),Fri May 17 2024 05:32:17 GMT+0000 (Coordinated Universal Time),Tue Jun 11 2024 07:33:21 GMT+0000 (Coordinated Universal Time),,#707dc3,true
jz-acct,jz-acct,66004e32e3b61b1d72c6fc44,661a18a69ce05b6868520a0d,Sat Apr 13 2024 05:31:18 GMT+0000 (Coordinated Universal Time),Fri May 17 2024 05:31:46 GMT+0000 (Coordinated Universal Time),Tue Jun 11 2024 07:33:21 GMT+0000 (Coordinated Universal Time),,#8c4fab,true
jz-asks-why,jz-asks-why,66004e32e3b61b1d72c6fc44,661d29465ba54300bdf7462a,Mon Apr 15 2024 13:19:02 GMT+0000 (Coordinated Universal Time),Fri May 17 2024 05:32:19 GMT+0000 (Coordinated Universal Time),Tue Jun 11 2024 07:33:21 GMT+0000 (Coordinated Universal Time),,#c28a37,true
jz-equal,jz-equal,66004e32e3b61b1d72c6fc44,661cba54c5d2e2795c76fef5,Mon Apr 15 2024 05:25:40 GMT+0000 (Coordinated Universal Time),Fri May 17 2024 05:32:26 GMT+0000 (Coordinated Universal Time),Tue Jun 11 2024 07:33:21 GMT+0000 (Coordinated Universal Time),,#89c9e9,false
jz-fun,jz-fun,66004e32e3b61b1d72c6fc44,661caefa01e1ff2064cb2602,Mon Apr 15 2024 04:37:14 GMT+0000 (Coordinated Universal Time),Fri May 17 2024 05:32:30 GMT+0000 (Coordinated Universal Time),Tue Jun 11 2024 07:33:21 GMT+0000 (Coordinated Universal Time),,#58e825,false
jz-hi-5,jz-hi-5,66004e32e3b61b1d72c6fc44,6639649d1221a4e7ba06cdb6,Mon May 06 2024 23:15:41 GMT+0000 (Coordinated Universal Time),Fri May 17 2024 05:32:52 GMT+0000 (Coordinated Universal Time),Tue Jun 11 2024 07:33:21 GMT+0000 (Coordinated Universal Time),,,true
jz-hi5,jz-hi5,66004e32e3b61b1d72c6fc44,661a18a7809f662b6ecf6694,Sat Apr 13 2024 05:31:19 GMT+0000 (Coordinated Universal Time),Fri May 17 2024 05:31:46 GMT+0000 (Coordinated Universal Time),Tue Jun 11 2024 07:33:21 GMT+0000 (Coordinated Universal Time),,#a83120,false
jz-is-sec,jz-is-sec,66004e32e3b61b1d72c6fc44,661d2a49abe05a3e4109fcb2,Mon Apr 15 2024 13:23:21 GMT+0000 (Coordinated Universal Time),Fri May 17 2024 05:32:18 GMT+0000 (Coordinated Universal Time),Tue Jun 11 2024 07:33:21 GMT+0000 (Coordinated Universal Time),,#0bb4ab,false
jz-no-vend,jz-no-vend,66004e32e3b61b1d72c6fc44,661cbb9bdf54a8f76004b934,Mon Apr 15 2024 05:31:07 GMT+0000 (Coordinated Universal Time),Fri May 17 2024 05:32:25 GMT+0000 (Coordinated Universal Time),Tue Jun 11 2024 07:33:21 GMT+0000 (Coordinated Universal Time),,#bd846b,false
jz-offer,jz-offer,66004e32e3b61b1d72c6fc44,661d2a0e6bb8049e20bcd40e,Mon Apr 15 2024 13:22:22 GMT+0000 (Coordinated Universal Time),Fri May 17 2024 05:32:19 GMT+0000 (Coordinated Universal Time),Tue Jun 11 2024 07:33:21 GMT+0000 (Coordinated Universal Time),,#7b0ccd,true
jz-pays,jz-pays,66004e32e3b61b1d72c6fc44,661d83501f39ff2800d73808,Mon Apr 15 2024 19:43:12 GMT+0000 (Coordinated Universal Time),Fri May 17 2024 05:32:07 GMT+0000 (Coordinated Universal Time),Tue Jun 11 2024 07:33:21 GMT+0000 (Coordinated Universal Time),,#35c883,true
jz-professional,jz-professional,66004e32e3b61b1d72c6fc44,661ca27697149635cde404f5,Mon Apr 15 2024 03:43:50 GMT+0000 (Coordinated Universal Time),Fri May 17 2024 05:32:38 GMT+0000 (Coordinated Universal Time),Tue Jun 11 2024 07:33:21 GMT+0000 (Coordinated Universal Time),,#3456b1,false
jz-ready2work,jz-ready2work,66004e32e3b61b1d72c6fc44,661ca9d0c00dbe0688eb1e3c,Mon Apr 15 2024 04:15:12 GMT+0000 (Coordinated Universal Time),Fri May 17 2024 05:32:31 GMT+0000 (Coordinated Universal Time),Tue Jun 11 2024 07:33:21 GMT+0000 (Coordinated Universal Time),,#e8e235,true
jz-real,jz-real,66004e32e3b61b1d72c6fc44,661ca32e674cb4537230b64f,Mon Apr 15 2024 03:46:54 GMT+0000 (Coordinated Universal Time),Fri May 17 2024 05:32:38 GMT+0000 (Coordinated Universal Time),Tue Jun 11 2024 07:33:21 GMT+0000 (Coordinated Universal Time),,#f7b46b,true
jz-rec,jz-rec,66004e32e3b61b1d72c6fc44,661d84285e5e499d547cb898,Mon Apr 15 2024 19:46:48 GMT+0000 (Coordinated Universal Time),Fri May 17 2024 05:32:07 GMT+0000 (Coordinated Universal Time),Tue Jun 11 2024 07:33:21 GMT+0000 (Coordinated Universal Time),,#95d7f2,false
jz-reset,jz-reset,66004e32e3b61b1d72c6fc44,661d2f2c18b9b295ff310227,Mon Apr 15 2024 13:44:12 GMT+0000 (Coordinated Universal Time),Fri May 17 2024 05:32:15 GMT+0000 (Coordinated Universal Time),Tue Jun 11 2024 07:33:21 GMT+0000 (Coordinated Universal Time),,#4ce2e6,false
jz-sprint,jz-sprint,66004e32e3b61b1d72c6fc44,661cab445c4247757eede77b,Mon Apr 15 2024 04:21:24 GMT+0000 (Coordinated Universal Time),Fri May 17 2024 05:32:30 GMT+0000 (Coordinated Universal Time),Tue Jun 11 2024 07:33:21 GMT+0000 (Coordinated Universal Time),,#6fd93a,false
jz-sys,jz-sys,66004e32e3b61b1d72c6fc44,661a18a861a3ee9d8228b979,Sat Apr 13 2024 05:31:20 GMT+0000 (Coordinated Universal Time),Fri May 17 2024 05:31:46 GMT+0000 (Coordinated Universal Time),Tue Jun 11 2024 07:33:21 GMT+0000 (Coordinated Universal Time),,#44bccc,true
lawyer,lawyer,66004e32e3b61b1d72c6fc44,6639649203c846308063286f,Mon May 06 2024 23:15:30 GMT+0000 (Coordinated Universal Time),Fri May 17 2024 05:32:46 GMT+0000 (Coordinated Universal Time),Tue Jun 11 2024 07:33:21 GMT+0000 (Coordinated Universal Time),,,false
lawyer-no,lawyer-no,66004e32e3b61b1d72c6fc44,661d289b0486d535ecf513dc,Mon Apr 15 2024 13:16:11 GMT+0000 (Coordinated Universal Time),Fri May 17 2024 05:32:19 GMT+0000 (Coordinated Universal Time),Tue Jun 11 2024 07:33:21 GMT+0000 (Coordinated Universal Time),,#accb38,true
lawyer-yes,lawyer-yes,66004e32e3b61b1d72c6fc44,661d28934c3ad3aed7aa7c7c,Mon Apr 15 2024 13:16:03 GMT+0000 (Coordinated Universal Time),Fri May 17 2024 05:32:20 GMT+0000 (Coordinated Universal Time),Tue Jun 11 2024 07:33:21 GMT+0000 (Coordinated Universal Time),,#3f2809,true
len,len,66004e32e3b61b1d72c6fc44,661a18aafffa7de60b7066df,Sat Apr 13 2024 05:31:22 GMT+0000 (Coordinated Universal Time),Fri May 17 2024 05:31:48 GMT+0000 (Coordinated Universal Time),Tue Jun 11 2024 07:33:21 GMT+0000 (Coordinated Universal Time),,#ec663c,true
lg-behavior,lg-behavior,66004e32e3b61b1d72c6fc44,6639649b3a5352a0058e8797,Mon May 06 2024 23:15:39 GMT+0000 (Coordinated Universal Time),Fri May 17 2024 05:32:51 GMT+0000 (Coordinated Universal Time),Tue Jun 11 2024 07:33:21 GMT+0000 (Coordinated Universal Time),,,true
lg-dad,lg-dad,66004e32e3b61b1d72c6fc44,661cd2a35307cd24eea04621,Mon Apr 15 2024 07:09:23 GMT+0000 (Coordinated Universal Time),Fri May 17 2024 05:32:23 GMT+0000 (Coordinated Universal Time),Tue Jun 11 2024 07:33:21 GMT+0000 (Coordinated Universal Time),,#2571a5,false
lg-hurt,lg-hurt,66004e32e3b61b1d72c6fc44,661d2f0147b2e233ccf24cdd,Mon Apr 15 2024 13:43:29 GMT+0000 (Coordinated Universal Time),Fri May 17 2024 05:32:15 GMT+0000 (Coordinated Universal Time),Tue Jun 11 2024 07:33:21 GMT+0000 (Coordinated Universal Time),,#257151,false
lg-justify,lg-justify,66004e32e3b61b1d72c6fc44,661ca642533d0a6b1815323b,Mon Apr 15 2024 04:00:02 GMT+0000 (Coordinated Universal Time),Fri May 17 2024 05:32:34 GMT+0000 (Coordinated Universal Time),Tue Jun 11 2024 07:33:21 GMT+0000 (Coordinated Universal Time),,#05a9c4,true
lg-lame,lg-lame,66004e32e3b61b1d72c6fc44,661d3005d716a2c28e54a299,Mon Apr 15 2024 13:47:49 GMT+0000 (Coordinated Universal Time),Fri May 17 2024 05:32:14 GMT+0000 (Coordinated Universal Time),Tue Jun 11 2024 07:33:21 GMT+0000 (Coordinated Universal Time),,#562a8e,true
lg-plan,lg-plan,66004e32e3b61b1d72c6fc44,661d313960d06109284fb8d1,Mon Apr 15 2024 13:52:57 GMT+0000 (Coordinated Universal Time),Fri May 17 2024 05:32:14 GMT+0000 (Coordinated Universal Time),Tue Jun 11 2024 07:33:21 GMT+0000 (Coordinated Universal Time),,#e02eb9,true
lg-real,lg-real,66004e32e3b61b1d72c6fc44,661ca36d8cb1484ef3eee112,Mon Apr 15 2024 03:47:57 GMT+0000 (Coordinated Universal Time),Fri May 17 2024 05:32:37 GMT+0000 (Coordinated Universal Time),Tue Jun 11 2024 07:33:21 GMT+0000 (Coordinated Universal Time),,#3d57d9,true
lg-sg-wed,lg-sg-wed,66004e32e3b61b1d72c6fc44,661a18abb4519181f694a179,Sat Apr 13 2024 05:31:23 GMT+0000 (Coordinated Universal Time),Fri May 17 2024 05:31:48 GMT+0000 (Coordinated Universal Time),Tue Jun 11 2024 07:33:21 GMT+0000 (Coordinated Universal Time),,#d1f43b,true
lg-sis-gift,lg-sis-gift,66004e32e3b61b1d72c6fc44,661a18ab9af8204e2d5637c7,Sat Apr 13 2024 05:31:23 GMT+0000 (Coordinated Universal Time),Fri May 17 2024 05:31:49 GMT+0000 (Coordinated Universal Time),Tue Jun 11 2024 07:33:21 GMT+0000 (Coordinated Universal Time),,#8647a8,true
lg-vs-all,lg-vs-all,66004e32e3b61b1d72c6fc44,661a18ac03e73f4771ac8e56,Sat Apr 13 2024 05:31:24 GMT+0000 (Coordinated Universal Time),Fri May 17 2024 05:31:49 GMT+0000 (Coordinated Universal Time),Tue Jun 11 2024 07:33:21 GMT+0000 (Coordinated Universal Time),,#20de0e,true
lifestyle,lifestyle,66004e32e3b61b1d72c6fc44,661a18ad32f9cb2aa22d2913,Sat Apr 13 2024 05:31:25 GMT+0000 (Coordinated Universal Time),Fri May 17 2024 05:31:50 GMT+0000 (Coordinated Universal Time),Tue Jun 11 2024 07:33:21 GMT+0000 (Coordinated Universal Time),,#06b661,true
mediator,mediator,66004e32e3b61b1d72c6fc44,661ddd3da96e7e96159aa497,Tue Apr 16 2024 02:06:53 GMT+0000 (Coordinated Universal Time),Fri May 17 2024 05:32:05 GMT+0000 (Coordinated Universal Time),Tue Jun 11 2024 07:33:21 GMT+0000 (Coordinated Universal Time),,#eff6b2,true
misappro,misappro,66004e32e3b61b1d72c6fc44,661a18ae32f9cb2aa22d298c,Sat Apr 13 2024 05:31:26 GMT+0000 (Coordinated Universal Time),Fri May 17 2024 05:31:50 GMT+0000 (Coordinated Universal Time),Tue Jun 11 2024 07:33:21 GMT+0000 (Coordinated Universal Time),,#764738,true
misdir,misdir,66004e32e3b61b1d72c6fc44,661a18af66dbc63307f53684,Sat Apr 13 2024 05:31:27 GMT+0000 (Coordinated Universal Time),Fri May 17 2024 05:31:50 GMT+0000 (Coordinated Universal Time),Tue Jun 11 2024 07:33:21 GMT+0000 (Coordinated Universal Time),,#090eeb,true
mumble,mumble,66004e32e3b61b1d72c6fc44,663964962e13ee9cfe4eb699,Mon May 06 2024 23:15:34 GMT+0000 (Coordinated Universal Time),Fri May 17 2024 05:32:48 GMT+0000 (Coordinated Universal Time),Tue Jun 11 2024 07:33:21 GMT+0000 (Coordinated Universal Time),,,true
nc,nc,66004e32e3b61b1d72c6fc44,663964948b12d25d86a1709c,Mon May 06 2024 23:15:32 GMT+0000 (Coordinated Universal Time),Fri May 17 2024 05:32:47 GMT+0000 (Coordinated Universal Time),Tue Jun 11 2024 07:33:21 GMT+0000 (Coordinated Universal Time),,,true
neg-4-jz,neg-4-jz,66004e32e3b61b1d72c6fc44,661d3c05c2dd5eb2be8ecf1d,Mon Apr 15 2024 14:39:01 GMT+0000 (Coordinated Universal Time),Fri May 17 2024 05:32:09 GMT+0000 (Coordinated Universal Time),Tue Jun 11 2024 07:33:21 GMT+0000 (Coordinated Universal Time),,#36c2ec,false
no-choice,no-choice,66004e32e3b61b1d72c6fc44,6639649fb417720abaa41fdf,Mon May 06 2024 23:15:43 GMT+0000 (Coordinated Universal Time),Fri May 17 2024 05:32:53 GMT+0000 (Coordinated Universal Time),Tue Jun 11 2024 07:33:21 GMT+0000 (Coordinated Universal Time),,,true
no-financial,no-financial,66004e32e3b61b1d72c6fc44,661d3237d11428e1c0f7efc0,Mon Apr 15 2024 13:57:11 GMT+0000 (Coordinated Universal Time),Fri May 17 2024 05:32:13 GMT+0000 (Coordinated Universal Time),Tue Jun 11 2024 07:33:21 GMT+0000 (Coordinated Universal Time),,#d178ff,true
no-response,no-response,66004e32e3b61b1d72c6fc44,661a18b2d467070de918eba3,Sat Apr 13 2024 05:31:30 GMT+0000 (Coordinated Universal Time),Fri May 17 2024 05:31:51 GMT+0000 (Coordinated Universal Time),Tue Jun 11 2024 07:33:21 GMT+0000 (Coordinated Universal Time),,#fce7af,true
noLive@shop,noliveshop,66004e32e3b61b1d72c6fc44,661a18b3bf00f5be7c9c6de6,Sat Apr 13 2024 05:31:31 GMT+0000 (Coordinated Universal Time),Fri May 17 2024 05:31:52 GMT+0000 (Coordinated Universal Time),Tue Jun 11 2024 07:33:21 GMT+0000 (Coordinated Universal Time),,#413d1e,false
north-face,north-face,66004e32e3b61b1d72c6fc44,66303546a83d1683fb5973c9,Tue Apr 30 2024 00:03:18 GMT+0000 (Coordinated Universal Time),Fri May 17 2024 05:32:43 GMT+0000 (Coordinated Universal Time),Tue Jun 11 2024 07:33:21 GMT+0000 (Coordinated Universal Time),,#433024,true
not-capable,not-capable,66004e32e3b61b1d72c6fc44,661cc76697a6d67fb9d67dc3,Mon Apr 15 2024 06:21:26 GMT+0000 (Coordinated Universal Time),Fri May 17 2024 05:32:25 GMT+0000 (Coordinated Universal Time),Tue Jun 11 2024 07:33:21 GMT+0000 (Coordinated Universal Time),,#a9f23f,false
not-on-acct,not-on-acct,66004e32e3b61b1d72c6fc44,661a18b465decf01abccb1bb,Sat Apr 13 2024 05:31:32 GMT+0000 (Coordinated Universal Time),Fri May 17 2024 05:31:52 GMT+0000 (Coordinated Universal Time),Tue Jun 11 2024 07:33:21 GMT+0000 (Coordinated Universal Time),,#d7fd79,true
not-true,not-true,66004e32e3b61b1d72c6fc44,661d36fefaf451d720031376,Mon Apr 15 2024 14:17:34 GMT+0000 (Coordinated Universal Time),Fri May 17 2024 05:32:12 GMT+0000 (Coordinated Universal Time),Tue Jun 11 2024 07:33:21 GMT+0000 (Coordinated Universal Time),,#9ec813,true
only-info,only-info,66004e32e3b61b1d72c6fc44,661cbb5b1a510dafe84bad4e,Mon Apr 15 2024 05:30:03 GMT+0000 (Coordinated Universal Time),Fri May 17 2024 05:32:26 GMT+0000 (Coordinated Universal Time),Tue Jun 11 2024 07:33:21 GMT+0000 (Coordinated Universal Time),,#983cc9,false
options,options,66004e32e3b61b1d72c6fc44,661d39d9f790424d0ed7ec27,Mon Apr 15 2024 14:29:45 GMT+0000 (Coordinated Universal Time),Fri May 17 2024 05:32:10 GMT+0000 (Coordinated Universal Time),Tue Jun 11 2024 07:33:21 GMT+0000 (Coordinated Universal Time),,#fe6e1c,false
otp,otp,66004e32e3b61b1d72c6fc44,661d281d5db4335230911061,Mon Apr 15 2024 13:14:05 GMT+0000 (Coordinated Universal Time),Fri May 17 2024 05:32:20 GMT+0000 (Coordinated Universal Time),Tue Jun 11 2024 07:33:21 GMT+0000 (Coordinated Universal Time),,#956175,false
over-seas,over-seas,66004e32e3b61b1d72c6fc44,661a18b5853dfedd1cc552c9,Sat Apr 13 2024 05:31:33 GMT+0000 (Coordinated Universal Time),Fri May 17 2024 05:31:53 GMT+0000 (Coordinated Universal Time),Tue Jun 11 2024 07:33:21 GMT+0000 (Coordinated Universal Time),,#6d8f07,true
pals,pals,66004e32e3b61b1d72c6fc44,661a18b6e4dcfe1950d4c3e3,Sat Apr 13 2024 05:31:34 GMT+0000 (Coordinated Universal Time),Fri May 17 2024 05:31:55 GMT+0000 (Coordinated Universal Time),Tue Jun 11 2024 07:33:21 GMT+0000 (Coordinated Universal Time),,#d6ab05,true
pam,pam,66004e32e3b61b1d72c6fc44,661a18b612b728b078f01efb,Sat Apr 13 2024 05:31:34 GMT+0000 (Coordinated Universal Time),Fri May 17 2024 05:31:55 GMT+0000 (Coordinated Universal Time),Tue Jun 11 2024 07:33:21 GMT+0000 (Coordinated Universal Time),,#d54edc,true
park-cash,park-cash,66004e32e3b61b1d72c6fc44,661d37cca69b5d9699e14717,Mon Apr 15 2024 14:21:00 GMT+0000 (Coordinated Universal Time),Fri May 17 2024 05:32:11 GMT+0000 (Coordinated Universal Time),Tue Jun 11 2024 07:33:21 GMT+0000 (Coordinated Universal Time),,#e95198,true
pattern,pattern,66004e32e3b61b1d72c6fc44,661d85ffba7ee4c6c25e81c3,Mon Apr 15 2024 19:54:39 GMT+0000 (Coordinated Universal Time),Fri May 17 2024 05:32:06 GMT+0000 (Coordinated Universal Time),Tue Jun 11 2024 07:33:21 GMT+0000 (Coordinated Universal Time),,#6bcd2a,true
personas,personas,66004e32e3b61b1d72c6fc44,661a18b8edc397655299a7e2,Sat Apr 13 2024 05:31:36 GMT+0000 (Coordinated Universal Time),Fri May 17 2024 05:31:56 GMT+0000 (Coordinated Universal Time),Tue Jun 11 2024 07:33:21 GMT+0000 (Coordinated Universal Time),,#77366f,true
pet,pet,66004e32e3b61b1d72c6fc44,661a18b812b728b078f02302,Sat Apr 13 2024 05:31:36 GMT+0000 (Coordinated Universal Time),Fri May 17 2024 05:31:56 GMT+0000 (Coordinated Universal Time),Tue Jun 11 2024 07:33:21 GMT+0000 (Coordinated Universal Time),,#c84122,false
photo,photo,66004e32e3b61b1d72c6fc44,661a18b9edc397655299a9be,Sat Apr 13 2024 05:31:37 GMT+0000 (Coordinated Universal Time),Fri May 17 2024 05:31:57 GMT+0000 (Coordinated Universal Time),Tue Jun 11 2024 07:33:21 GMT+0000 (Coordinated Universal Time),,#b34baf,false
pizza,pizza,66004e32e3b61b1d72c6fc44,661a18bab2ece8a04f34157d,Sat Apr 13 2024 05:31:38 GMT+0000 (Coordinated Universal Time),Fri May 17 2024 05:31:57 GMT+0000 (Coordinated Universal Time),Tue Jun 11 2024 07:33:21 GMT+0000 (Coordinated Universal Time),,#c8d1d4,true
price-fix,price-fix,66004e32e3b61b1d72c6fc44,661d2b14bbade63974898314,Mon Apr 15 2024 13:26:44 GMT+0000 (Coordinated Universal Time),Fri May 17 2024 05:32:18 GMT+0000 (Coordinated Universal Time),Tue Jun 11 2024 07:33:21 GMT+0000 (Coordinated Universal Time),,#21059a,true
price-fixing,price-fixing,66004e32e3b61b1d72c6fc44,663964990437c8958985cada,Mon May 06 2024 23:15:37 GMT+0000 (Coordinated Universal Time),Fri May 17 2024 05:32:50 GMT+0000 (Coordinated Universal Time),Tue Jun 11 2024 07:33:21 GMT+0000 (Coordinated Universal Time),,,true
projection,projection,66004e32e3b61b1d72c6fc44,661cb84d926e82c8f0db5203,Mon Apr 15 2024 05:17:01 GMT+0000 (Coordinated Universal Time),Fri May 17 2024 05:32:27 GMT+0000 (Coordinated Universal Time),Tue Jun 11 2024 07:33:21 GMT+0000 (Coordinated Universal Time),,#6537fc,true
quote-trick,quote-trick,66004e32e3b61b1d72c6fc44,661d3751b9a929f39489efda,Mon Apr 15 2024 14:18:57 GMT+0000 (Coordinated Universal Time),Fri May 17 2024 05:32:11 GMT+0000 (Coordinated Universal Time),Tue Jun 11 2024 07:33:21 GMT+0000 (Coordinated Universal Time),,#df7c94,false
rbc-agree,rbc-agree,66004e32e3b61b1d72c6fc44,663964a05e3333463714637d,Mon May 06 2024 23:15:44 GMT+0000 (Coordinated Universal Time),Fri May 17 2024 05:32:53 GMT+0000 (Coordinated Universal Time),Tue Jun 11 2024 07:33:21 GMT+0000 (Coordinated Universal Time),,,true
reckless,reckless,66004e32e3b61b1d72c6fc44,661a18bb66dbc63307f54cc9,Sat Apr 13 2024 05:31:39 GMT+0000 (Coordinated Universal Time),Fri May 17 2024 05:31:58 GMT+0000 (Coordinated Universal Time),Tue Jun 11 2024 07:33:21 GMT+0000 (Coordinated Universal Time),,#8dd3bd,true
rewrite,rewrite,66004e32e3b61b1d72c6fc44,661cb605c00dbe0688f70a4a,Mon Apr 15 2024 05:07:17 GMT+0000 (Coordinated Universal Time),Fri May 17 2024 05:32:28 GMT+0000 (Coordinated Universal Time),Tue Jun 11 2024 07:33:21 GMT+0000 (Coordinated Universal Time),,#edcb64,true
ripple,ripple,66004e32e3b61b1d72c6fc44,663035b84428f2a573ba674e,Tue Apr 30 2024 00:05:12 GMT+0000 (Coordinated Universal Time),Fri May 17 2024 05:32:43 GMT+0000 (Coordinated Universal Time),Tue Jun 11 2024 07:33:21 GMT+0000 (Coordinated Universal Time),,#72feaf,true
@rowboat,rowboat,66004e32e3b61b1d72c6fc44,661a187d3185da4fbe9f0597,Sat Apr 13 2024 05:30:37 GMT+0000 (Coordinated Universal Time),Fri May 17 2024 05:31:24 GMT+0000 (Coordinated Universal Time),Tue Jun 11 2024 07:33:21 GMT+0000 (Coordinated Universal Time),,#eb0ca1,false
sales,sales,66004e32e3b61b1d72c6fc44,6639649527e5e61c1770c2bd,Mon May 06 2024 23:15:33 GMT+0000 (Coordinated Universal Time),Fri May 17 2024 05:32:47 GMT+0000 (Coordinated Universal Time),Tue Jun 11 2024 07:33:21 GMT+0000 (Coordinated Universal Time),,,true
sales-goal,sales-goal,66004e32e3b61b1d72c6fc44,663164c5661cd60ca58d5c54,Tue Apr 30 2024 21:38:13 GMT+0000 (Coordinated Universal Time),Fri May 17 2024 05:32:44 GMT+0000 (Coordinated Universal Time),Tue Jun 11 2024 07:33:21 GMT+0000 (Coordinated Universal Time),,#288015,true
salesguy,salesguy,66004e32e3b61b1d72c6fc44,661a18bcb50fabb2c20029d3,Sat Apr 13 2024 05:31:40 GMT+0000 (Coordinated Universal Time),Fri May 17 2024 05:31:58 GMT+0000 (Coordinated Universal Time),Tue Jun 11 2024 07:33:21 GMT+0000 (Coordinated Universal Time),,#7b86e1,true
@sameTime,sametime,66004e32e3b61b1d72c6fc44,661a187f654cce4e2345aec6,Sat Apr 13 2024 05:30:39 GMT+0000 (Coordinated Universal Time),Fri May 17 2024 05:31:24 GMT+0000 (Coordinated Universal Time),Tue Jun 11 2024 07:33:21 GMT+0000 (Coordinated Universal Time),,#27867c,false
scam,scam,66004e32e3b61b1d72c6fc44,661a18bdd467070de918fb03,Sat Apr 13 2024 05:31:41 GMT+0000 (Coordinated Universal Time),Fri May 17 2024 05:31:59 GMT+0000 (Coordinated Universal Time),Tue Jun 11 2024 07:33:21 GMT+0000 (Coordinated Universal Time),,#9285a1,true
self-serving,self-serving,66004e32e3b61b1d72c6fc44,661a18bea83276d0ec96ece4,Sat Apr 13 2024 05:31:42 GMT+0000 (Coordinated Universal Time),Fri May 17 2024 05:32:00 GMT+0000 (Coordinated Universal Time),Tue Jun 11 2024 07:33:21 GMT+0000 (Coordinated Universal Time),,#427c01,true
selfish,selfish,66004e32e3b61b1d72c6fc44,6639649cd0b122972ab0207a,Mon May 06 2024 23:15:40 GMT+0000 (Coordinated Universal Time),Fri May 17 2024 05:32:52 GMT+0000 (Coordinated Universal Time),Tue Jun 11 2024 07:33:21 GMT+0000 (Coordinated Universal Time),,,true
sg@rowboat,sgrowboat,66004e32e3b61b1d72c6fc44,661a18bfe3af163e81f42807,Sat Apr 13 2024 05:31:43 GMT+0000 (Coordinated Universal Time),Fri May 17 2024 05:32:00 GMT+0000 (Coordinated Universal Time),Tue Jun 11 2024 07:33:21 GMT+0000 (Coordinated Universal Time),,#e41cdb,false
slander,slander,66004e32e3b61b1d72c6fc44,661a18bf35342e10614a2295,Sat Apr 13 2024 05:31:43 GMT+0000 (Coordinated Universal Time),Fri May 17 2024 05:32:00 GMT+0000 (Coordinated Universal Time),Tue Jun 11 2024 07:33:21 GMT+0000 (Coordinated Universal Time),,#fe90f9,true
sleepless,sleepless,66004e32e3b61b1d72c6fc44,661d3b155bafb8f9b2afb64b,Mon Apr 15 2024 14:35:01 GMT+0000 (Coordinated Universal Time),Fri May 17 2024 05:32:10 GMT+0000 (Coordinated Universal Time),Tue Jun 11 2024 07:33:21 GMT+0000 (Coordinated Universal Time),,#bc9ffe,false
studio,studio,66004e32e3b61b1d72c6fc44,661a18c032f9cb2aa22d438c,Sat Apr 13 2024 05:31:44 GMT+0000 (Coordinated Universal Time),Fri May 17 2024 05:32:01 GMT+0000 (Coordinated Universal Time),Tue Jun 11 2024 07:33:21 GMT+0000 (Coordinated Universal Time),,#473a8d,false
suzanne,suzanne,66004e32e3b61b1d72c6fc44,661c3e2b10b7611a772eca3c,Sun Apr 14 2024 20:35:55 GMT+0000 (Coordinated Universal Time),Fri May 17 2024 05:32:04 GMT+0000 (Coordinated Universal Time),Tue Jun 11 2024 07:33:21 GMT+0000 (Coordinated Universal Time),,#e05081,true
tell,tell,66004e32e3b61b1d72c6fc44,6639648f8cbbe358e0b87fb7,Mon May 06 2024 23:15:27 GMT+0000 (Coordinated Universal Time),Fri May 17 2024 05:32:45 GMT+0000 (Coordinated Universal Time),Tue Jun 11 2024 07:33:21 GMT+0000 (Coordinated Universal Time),,#dd5666,true
toxic,toxic,66004e32e3b61b1d72c6fc44,661ca6d938e41da2245c9a7d,Mon Apr 15 2024 04:02:33 GMT+0000 (Coordinated Universal Time),Fri May 17 2024 05:32:32 GMT+0000 (Coordinated Universal Time),Tue Jun 11 2024 07:33:21 GMT+0000 (Coordinated Universal Time),,#7dc447,true
tx,tx,66004e32e3b61b1d72c6fc44,661c3eb7ce5a04ced00af193,Sun Apr 14 2024 20:38:15 GMT+0000 (Coordinated Universal Time),Fri May 17 2024 05:32:04 GMT+0000 (Coordinated Universal Time),Tue Jun 11 2024 07:33:21 GMT+0000 (Coordinated Universal Time),,#e6f600,true
unilat,unilat,66004e32e3b61b1d72c6fc44,661ff5517f8662928f5ae229,Wed Apr 17 2024 16:14:09 GMT+0000 (Coordinated Universal Time),Fri May 17 2024 05:32:41 GMT+0000 (Coordinated Universal Time),Tue Jun 11 2024 07:33:21 GMT+0000 (Coordinated Universal Time),,#cd55b6,true
usurp,usurp,66004e32e3b61b1d72c6fc44,663964987928d4803397e7f6,Mon May 06 2024 23:15:36 GMT+0000 (Coordinated Universal Time),Fri May 17 2024 05:32:50 GMT+0000 (Coordinated Universal Time),Tue Jun 11 2024 07:33:21 GMT+0000 (Coordinated Universal Time),,,true
weightloss,weightloss,66004e32e3b61b1d72c6fc44,661a18c1edc397655299b1c1,Sat Apr 13 2024 05:31:45 GMT+0000 (Coordinated Universal Time),Fri May 17 2024 05:32:02 GMT+0000 (Coordinated Universal Time),Tue Jun 11 2024 07:33:21 GMT+0000 (Coordinated Universal Time),,#53a4e1,false
wine,wine,66004e32e3b61b1d72c6fc44,661a18c2390c0d1ecf380939,Sat Apr 13 2024 05:31:46 GMT+0000 (Coordinated Universal Time),Fri May 17 2024 05:32:03 GMT+0000 (Coordinated Universal Time),Tue Jun 11 2024 07:33:21 GMT+0000 (Coordinated Universal Time),,#6349b1,true
worm,worm,66004e32e3b61b1d72c6fc44,661ca47de38b63eeaa0898a9,Mon Apr 15 2024 03:52:29 GMT+0000 (Coordinated Universal Time),Fri May 17 2024 05:32:36 GMT+0000 (Coordinated Universal Time),Tue Jun 11 2024 07:33:21 GMT+0000 (Coordinated Universal Time),,#ec1b0a,true
wow,wow,66004e32e3b61b1d72c6fc44,661ff3ea1e285f265b479a3b,Wed Apr 17 2024 16:08:10 GMT+0000 (Coordinated Universal Time),Fri May 17 2024 05:32:41 GMT+0000 (Coordinated Universal Time),Tue Jun 11 2024 07:33:21 GMT+0000 (Coordinated Universal Time),,#142505,true
wrkld-no,wrkld-no,66004e32e3b61b1d72c6fc44,661cc7b6ce5a04ced0824501,Mon Apr 15 2024 06:22:46 GMT+0000 (Coordinated Universal Time),Fri May 17 2024 05:32:24 GMT+0000 (Coordinated Universal Time),Tue Jun 11 2024 07:33:21 GMT+0000 (Coordinated Universal Time),,#cd3ab3,true
wrkld-yes,wrkld-yes,66004e32e3b61b1d72c6fc44,661cc7a48b5bdd7f339865da,Mon Apr 15 2024 06:22:28 GMT+0000 (Coordinated Universal Time),Fri May 17 2024 05:32:24 GMT+0000 (Coordinated Universal Time),Tue Jun 11 2024 07:33:21 GMT+0000 (Coordinated Universal Time),,#066954,true
