Name,Slug,Collection ID,Item ID,Created On,Updated On,Published On,file,multi image,description,x_id
Aliqua Incididunt Incididunt,aliqua-incididunt-incididunt,6659f5e996b1bd34b9ac242d,6659f5f03977156d900992c9,Fri May 31 2024 16:08:16 GMT+0000 (Coordinated Universal Time),Fri May 31 2024 16:08:16 GMT+0000 (Coordinated Universal Time),Tue Jun 11 2024 07:33:21 GMT+0000 (Coordinated Universal Time),https://uploads-ssl.webflow.com/646a27a54df1a31225a90bae/6659f5ed3977156d90098ef5_image13.jpeg,https://uploads-ssl.webflow.com/646a27a54df1a31225a90bae/6659f5ed3977156d90098efd_image18.jpeg; https://uploads-ssl.webflow.com/646a27a54df1a31225a90bae/6659f5ed3977156d90098f00_image14.jpeg; https://uploads-ssl.webflow.com/646a27a54df1a31225a90bae/6659f5ed3977156d90098f03_image12.jpeg; https://uploads-ssl.webflow.com/646a27a54df1a31225a90bae/6659f5ed3977156d90098f06_image14.jpeg; https://uploads-ssl.webflow.com/646a27a54df1a31225a90bae/6659f5ed3977156d90098f10_image2.jpeg,"Fusce aliquet turpis at orci bibendum, non convallis justo tempor. Fusce aliquet turpis at orci bibendum, non convalli","Donec eu felis at libero consequat sagittis a et urna. Integer rutrum ante et nunc venenatis, id ultricies risus ultricies. Sed auctor a"
Amet,amet,6659f5e996b1bd34b9ac242d,6659f5f03977156d900992a6,Fri May 31 2024 16:08:16 GMT+0000 (Coordinated Universal Time),Fri May 31 2024 16:08:16 GMT+0000 (Coordinated Universal Time),Tue Jun 11 2024 07:33:21 GMT+0000 (Coordinated Universal Time),https://uploads-ssl.webflow.com/646a27a54df1a31225a90bae/6659f5ed3977156d90098f19_image2.jpeg,https://uploads-ssl.webflow.com/646a27a54df1a31225a90bae/6659f5ed3977156d90098f24_image12.jpeg; https://uploads-ssl.webflow.com/646a27a54df1a31225a90bae/6659f5ed3977156d90098f21_image15.jpeg; https://uploads-ssl.webflow.com/646a27a54df1a31225a90bae/6659f5ed3977156d90098f27_image12.jpeg; https://uploads-ssl.webflow.com/646a27a54df1a31225a90bae/6659f5ed3977156d90098f2a_image6.jpeg; https://uploads-ssl.webflow.com/646a27a54df1a31225a90bae/6659f5ed3977156d90098f32_image9.jpeg,Donec eu felis at libero consequat sagittis a et urna,"Vivamus vitae arcu vel velit efficitur vestibulum vel in purus. Lorem ipsum dolor sit amet, consectetur adipiscing elit. Donec eu felis at"
Amet Sit,amet-sit,6659f5e996b1bd34b9ac242d,6659f5f03977156d900991ed,Fri May 31 2024 16:08:16 GMT+0000 (Coordinated Universal Time),Fri May 31 2024 16:08:16 GMT+0000 (Coordinated Universal Time),Tue Jun 11 2024 07:33:21 GMT+0000 (Coordinated Universal Time),https://uploads-ssl.webflow.com/646a27a54df1a31225a90bae/6659f5ed3977156d90098f3b_image15.jpeg,https://uploads-ssl.webflow.com/646a27a54df1a31225a90bae/6659f5ed3977156d90098f98_image3.jpeg; https://uploads-ssl.webflow.com/646a27a54df1a31225a90bae/6659f5ed3977156d90098f42_image7.jpeg; https://uploads-ssl.webflow.com/646a27a54df1a31225a90bae/6659f5ed3977156d90098fbd_image18.jpeg,"Lorem ipsum dolor sit amet, consectetur adipiscing elit. Donec eu felis at libero consequat sagittis a et urna. Praesent nec orci at nulla ","Maecenas euismod sapien eu arcu convallis, vitae vestibulum ipsum maximus. Praesent nec orci at nulla consequat congue ut non arcu. Sed auc"
Consectetur,consectetur,6659f5e996b1bd34b9ac242d,6659f5f03977156d900991df,Fri May 31 2024 16:08:16 GMT+0000 (Coordinated Universal Time),Fri May 31 2024 16:08:16 GMT+0000 (Coordinated Universal Time),Tue Jun 11 2024 07:33:21 GMT+0000 (Coordinated Universal Time),https://uploads-ssl.webflow.com/646a27a54df1a31225a90bae/6659f5ed3977156d90098eef_image9.jpeg,https://uploads-ssl.webflow.com/646a27a54df1a31225a90bae/6659f5ed3977156d90098ef2_image5.jpeg; https://uploads-ssl.webflow.com/646a27a54df1a31225a90bae/6659f5ed3977156d90098eab_image20.jpeg,Vestibulum ante ipsum primis in faucibus orci luctus et ultrices posuere cubilia curae. Cras sit amet velit id nulla tempus dictum s,Donec eu felis at libero consequat sagittis a et urna. Donec eu fel
Dolor Elit,dolor-elit,6659f5e996b1bd34b9ac242d,6659f5f03977156d90099215,Fri May 31 2024 16:08:16 GMT+0000 (Coordinated Universal Time),Fri May 31 2024 16:08:16 GMT+0000 (Coordinated Universal Time),Tue Jun 11 2024 07:33:21 GMT+0000 (Coordinated Universal Time),https://uploads-ssl.webflow.com/646a27a54df1a31225a90bae/6659f5ed3977156d90098f89_image13.jpeg,https://uploads-ssl.webflow.com/646a27a54df1a31225a90bae/6659f5ed3977156d90098ed0_image19.jpeg,Praesent nec orci at nulla consequat congue ut non arcu. Vivamus vitae arcu vel velit efficitur vesti,Vivamus vitae arcu vel velit efficitur vestibulum vel in purus. Cras sit amet velit id nulla tempus dictum sit amet eu nisi. Intege
Dolor Sed Sed Do,dolor-sed-sed-do,6659f5e996b1bd34b9ac242d,6659f5f03977156d90099217,Fri May 31 2024 16:08:16 GMT+0000 (Coordinated Universal Time),Fri May 31 2024 16:08:16 GMT+0000 (Coordinated Universal Time),Tue Jun 11 2024 07:33:21 GMT+0000 (Coordinated Universal Time),https://uploads-ssl.webflow.com/646a27a54df1a31225a90bae/6659f5ed3977156d90098f7d_image11.jpeg,https://uploads-ssl.webflow.com/646a27a54df1a31225a90bae/6659f5ed3977156d90098f80_image9.jpeg; https://uploads-ssl.webflow.com/646a27a54df1a31225a90bae/6659f5ed3977156d90098f83_image16.jpeg,"Maecenas euismod sapien eu arcu convallis, vitae vestibulum ipsum maximus. Vestibulum ante ipsum primis in faucibus","Lorem ipsum dolor sit amet, consectetur adipiscing elit. Donec eu felis at libero consequat sagittis a et urna. Lorem ipsum"
Dolore Lorem Dolore,dolore-lorem-dolore,6659f5e996b1bd34b9ac242d,6659f5f03977156d900991eb,Fri May 31 2024 16:08:16 GMT+0000 (Coordinated Universal Time),Fri May 31 2024 16:08:16 GMT+0000 (Coordinated Universal Time),Tue Jun 11 2024 07:33:21 GMT+0000 (Coordinated Universal Time),https://uploads-ssl.webflow.com/646a27a54df1a31225a90bae/6659f5ed3977156d90098fc0_image5.jpeg,https://uploads-ssl.webflow.com/646a27a54df1a31225a90bae/6659f5ed3977156d90098f49_image5.jpeg; https://uploads-ssl.webflow.com/646a27a54df1a31225a90bae/6659f5ed3977156d90098eba_image4.jpeg,"Cras sit amet velit id nulla tempus dictum sit amet eu nisi. Maecenas euismod sapien eu arcu convallis, vitae vestibulum ipsum maximus.","Cras sit amet velit id nulla tempus dictum sit amet eu nisi. Integer rutrum ante et nunc venenatis, id ultricies risus ultricies. Lorem i"
Eiusmod Eiusmod,eiusmod-eiusmod,6659f5e996b1bd34b9ac242d,6659f5f03977156d90099213,Fri May 31 2024 16:08:16 GMT+0000 (Coordinated Universal Time),Fri May 31 2024 16:08:16 GMT+0000 (Coordinated Universal Time),Tue Jun 11 2024 07:33:21 GMT+0000 (Coordinated Universal Time),https://uploads-ssl.webflow.com/646a27a54df1a31225a90bae/6659f5ed3977156d90098f61_image9.jpeg,https://uploads-ssl.webflow.com/646a27a54df1a31225a90bae/6659f5ed3977156d90098f64_image9.jpeg; https://uploads-ssl.webflow.com/646a27a54df1a31225a90bae/6659f5ed3977156d90098ecd_image7.jpeg,Donec eu felis at libero consequat sagittis a et urna. Integer rutrum ante et nunc venenati,"Praesent nec orci at nulla consequat congue ut non arcu. Integer rutrum ante et nunc venenatis, id ultricies risus ultricies. Do"
Et,et,6659f5e996b1bd34b9ac242d,6659f5f03977156d900991f5,Fri May 31 2024 16:08:16 GMT+0000 (Coordinated Universal Time),Fri May 31 2024 16:08:16 GMT+0000 (Coordinated Universal Time),Tue Jun 11 2024 07:33:21 GMT+0000 (Coordinated Universal Time),https://uploads-ssl.webflow.com/646a27a54df1a31225a90bae/6659f5ed3977156d90098ed3_image4.jpeg,https://uploads-ssl.webflow.com/646a27a54df1a31225a90bae/6659f5ed3977156d90098fa1_image6.jpeg; https://uploads-ssl.webflow.com/646a27a54df1a31225a90bae/6659f5ed3977156d90098f8f_image16.jpeg,"Sed auctor augue id tellus lacinia, nec ultricies est fermentum. Cras sit amet velit id nulla tempus dictum sit amet eu nisi. Integer rutrum",Vestibulum ante ipsum primis in faucibus orci luctus et ultrices posuere cubilia curae. Vivamus vitae arcu vel velit efficitur vestib
Incididunt Ipsum Dolor,incididunt-ipsum-dolor,6659f5e996b1bd34b9ac242d,6659f5f03977156d900991f9,Fri May 31 2024 16:08:16 GMT+0000 (Coordinated Universal Time),Fri May 31 2024 16:08:16 GMT+0000 (Coordinated Universal Time),Tue Jun 11 2024 07:33:21 GMT+0000 (Coordinated Universal Time),https://uploads-ssl.webflow.com/646a27a54df1a31225a90bae/6659f5ed3977156d90098f74_image1.jpeg,https://uploads-ssl.webflow.com/646a27a54df1a31225a90bae/6659f5ed3977156d90098f77_image2.jpeg; https://uploads-ssl.webflow.com/646a27a54df1a31225a90bae/6659f5ed3977156d90098f7a_image9.jpeg,Vestibulum ante ipsum primis in faucibus orci luctus et ultrices posuere cubilia curae. Fusce aliquet turpis,"Sed auctor augue id tellus lacinia, nec ultricies est fermentum. Praesent nec orci at nulla consequat congue ut non arcu."
Incididunt Tempor Magna,incididunt-tempor-magna,6659f5e996b1bd34b9ac242d,6659f5f03977156d90099219,Fri May 31 2024 16:08:16 GMT+0000 (Coordinated Universal Time),Fri May 31 2024 16:08:16 GMT+0000 (Coordinated Universal Time),Tue Jun 11 2024 07:33:21 GMT+0000 (Coordinated Universal Time),https://uploads-ssl.webflow.com/646a27a54df1a31225a90bae/6659f5ed3977156d90098f67_image11.jpeg,https://uploads-ssl.webflow.com/646a27a54df1a31225a90bae/6659f5ed3977156d90098f6a_image10.jpeg; https://uploads-ssl.webflow.com/646a27a54df1a31225a90bae/6659f5ed3977156d90098f6d_image5.jpeg; https://uploads-ssl.webflow.com/646a27a54df1a31225a90bae/6659f5ed3977156d90098f9e_image3.jpeg,"Lorem ipsum dolor sit amet, consectetur adipiscing elit. Sed auctor augue id tellus lacinia, nec ultricies est fermentum. Fusce aliqu","Fusce aliquet turpis at orci bibendum, non convallis justo tempor. Integer rutrum ante et nunc venenatis, id ultricies risus ultrici"
Labore,labore,6659f5e996b1bd34b9ac242d,6659f5f03977156d900992e5,Fri May 31 2024 16:08:16 GMT+0000 (Coordinated Universal Time),Fri May 31 2024 16:08:16 GMT+0000 (Coordinated Universal Time),Tue Jun 11 2024 07:33:21 GMT+0000 (Coordinated Universal Time),https://uploads-ssl.webflow.com/646a27a54df1a31225a90bae/6659f5ed3977156d90098f8c_image15.jpeg,https://uploads-ssl.webflow.com/646a27a54df1a31225a90bae/6659f5ed3977156d90098fb0_image5.jpeg,"Lorem ipsum dolor sit amet, consectetur adipiscing elit. Vivamus vitae arcu vel velit efficitur vestibulum vel in purus. Sed auctor augue ","Maecenas euismod sapien eu arcu convallis, vitae vestibulum ipsum maximus. Vestibulum ante ipsum primis in faucibus orci luctus et "
Lorem Eiusmod Aliqua,lorem-eiusmod-aliqua,6659f5e996b1bd34b9ac242d,6659f5f03977156d900991ef,Fri May 31 2024 16:08:16 GMT+0000 (Coordinated Universal Time),Fri May 31 2024 16:08:16 GMT+0000 (Coordinated Universal Time),Tue Jun 11 2024 07:33:21 GMT+0000 (Coordinated Universal Time),https://uploads-ssl.webflow.com/646a27a54df1a31225a90bae/6659f5ed3977156d90098f55_image10.jpeg,https://uploads-ssl.webflow.com/646a27a54df1a31225a90bae/6659f5ed3977156d90098f58_image15.jpeg; https://uploads-ssl.webflow.com/646a27a54df1a31225a90bae/6659f5ed3977156d90098f5e_image17.jpeg; https://uploads-ssl.webflow.com/646a27a54df1a31225a90bae/6659f5ed3977156d90098eca_image20.jpeg,"Integer rutrum ante et nunc venenatis, id ultricies risus ultricies. Maecenas euismod sa","Maecenas euismod sapien eu arcu convallis, vitae vestibulum ipsum maximus. Maecenas"
Magna Dolor,magna-dolor,6659f5e996b1bd34b9ac242d,6659f5f03977156d900991e7,Fri May 31 2024 16:08:16 GMT+0000 (Coordinated Universal Time),Fri May 31 2024 16:08:16 GMT+0000 (Coordinated Universal Time),Tue Jun 11 2024 07:33:21 GMT+0000 (Coordinated Universal Time),https://uploads-ssl.webflow.com/646a27a54df1a31225a90bae/6659f5ed3977156d90098ebd_image8.jpeg,https://uploads-ssl.webflow.com/646a27a54df1a31225a90bae/6659f5ed3977156d90098f9b_image3.jpeg; https://uploads-ssl.webflow.com/646a27a54df1a31225a90bae/6659f5ed3977156d90098ec0_image20.jpeg; https://uploads-ssl.webflow.com/646a27a54df1a31225a90bae/6659f5ed3977156d90098ec3_image19.jpeg; https://uploads-ssl.webflow.com/646a27a54df1a31225a90bae/6659f5ed3977156d90098f4c_image10.jpeg,"Sed auctor augue id tellus lacinia, nec ultricies est fermentum. Vivamus vitae arcu",Vivamus vitae arcu vel velit efficitur vesti
Magna Elit Lorem,magna-elit-lorem,6659f5e996b1bd34b9ac242d,6659f5f03977156d900991e1,Fri May 31 2024 16:08:16 GMT+0000 (Coordinated Universal Time),Fri May 31 2024 16:08:16 GMT+0000 (Coordinated Universal Time),Tue Jun 11 2024 07:33:21 GMT+0000 (Coordinated Universal Time),https://uploads-ssl.webflow.com/646a27a54df1a31225a90bae/6659f5ed3977156d90098f93_image3.jpeg,https://uploads-ssl.webflow.com/646a27a54df1a31225a90bae/6659f5ed3977156d90098ee2_image9.jpeg; https://uploads-ssl.webflow.com/646a27a54df1a31225a90bae/6659f5ed3977156d90098eec_image2.jpeg,"Lorem ipsum dolor sit amet, consectetur adipiscing elit. Cras sit amet",Vestibulum ante ipsum primis in faucibus orci luctus et ultrices posuere cubilia cura
Tempor,tempor,6659f5e996b1bd34b9ac242d,6659f5f03977156d900991f3,Fri May 31 2024 16:08:16 GMT+0000 (Coordinated Universal Time),Fri May 31 2024 16:08:16 GMT+0000 (Coordinated Universal Time),Tue Jun 11 2024 07:33:21 GMT+0000 (Coordinated Universal Time),https://uploads-ssl.webflow.com/646a27a54df1a31225a90bae/6659f5ed3977156d90098fa4_image17.jpeg,https://uploads-ssl.webflow.com/646a27a54df1a31225a90bae/6659f5ed3977156d90098fa7_image18.jpeg; https://uploads-ssl.webflow.com/646a27a54df1a31225a90bae/6659f5ed3977156d90098fad_image6.jpeg,"Sed auctor augue id tellus lacinia, nec ultricies est fermentum. Donec eu felis at libero consequat sagittis a et ","Integer rutrum ante et nunc venenatis, id ultricies risus ultricies. Integer rutrum ante et nunc venenatis, id ultricies risus ultricies."
Tempor Adipiscing Do Dolor,tempor-adipiscing-do-dolor,6659f5e996b1bd34b9ac242d,6659f5f03977156d900991dd,Fri May 31 2024 16:08:16 GMT+0000 (Coordinated Universal Time),Fri May 31 2024 16:08:16 GMT+0000 (Coordinated Universal Time),Tue Jun 11 2024 07:33:21 GMT+0000 (Coordinated Universal Time),https://uploads-ssl.webflow.com/646a27a54df1a31225a90bae/6659f5ed3977156d90098ea2_image20.jpeg,https://uploads-ssl.webflow.com/646a27a54df1a31225a90bae/6659f5ed3977156d90098ea5_image4.jpeg; https://uploads-ssl.webflow.com/646a27a54df1a31225a90bae/6659f5ed3977156d90098edc_image6.jpeg; https://uploads-ssl.webflow.com/646a27a54df1a31225a90bae/6659f5ed3977156d90098ed9_image2.jpeg; https://uploads-ssl.webflow.com/646a27a54df1a31225a90bae/6659f5ed3977156d90098ea8_image7.jpeg; https://uploads-ssl.webflow.com/646a27a54df1a31225a90bae/6659f5ed3977156d90098edf_image16.jpeg,"Fusce aliquet turpis at orci bibendum, non convallis justo tempor. Vivamus vitae a",Vivamus vitae arcu vel velit efficitur v
Tempor Do Eiusmod Amet,tempor-do-eiusmod-amet,6659f5e996b1bd34b9ac242d,6659f5f03977156d900991e5,Fri May 31 2024 16:08:16 GMT+0000 (Coordinated Universal Time),Fri May 31 2024 16:08:16 GMT+0000 (Coordinated Universal Time),Tue Jun 11 2024 07:33:21 GMT+0000 (Coordinated Universal Time),https://uploads-ssl.webflow.com/646a27a54df1a31225a90bae/6659f5ed3977156d90098f3f_image8.jpeg,https://uploads-ssl.webflow.com/646a27a54df1a31225a90bae/6659f5ed3977156d90098f13_image15.jpeg; https://uploads-ssl.webflow.com/646a27a54df1a31225a90bae/6659f5ed3977156d90098f16_image5.jpeg,"Sed auctor augue id tellus lacinia, nec ultricies est fermentum. Maecenas euismod sapien eu arcu convallis, vitae vestibulum ipsum m",Vestibulum ante ipsum primis in faucibus orci luctus et ultrices posuere cubi
Ut,ut,6659f5e996b1bd34b9ac242d,6659f5f03977156d900991f7,Fri May 31 2024 16:08:16 GMT+0000 (Coordinated Universal Time),Fri May 31 2024 16:08:16 GMT+0000 (Coordinated Universal Time),Tue Jun 11 2024 07:33:21 GMT+0000 (Coordinated Universal Time),https://uploads-ssl.webflow.com/646a27a54df1a31225a90bae/6659f5ed3977156d90098f4f_image18.jpeg,https://uploads-ssl.webflow.com/646a27a54df1a31225a90bae/6659f5ed3977156d90098f52_image18.jpeg,"Lorem ipsum dolor sit amet, consectetur adip","Fusce aliquet turpis at orci bibendum, non convallis justo tempor. Cras sit amet velit id nulla tempus dictum sit amet e"
Ut Amet Lorem Aliqua,ut-amet-lorem-aliqua,6659f5e996b1bd34b9ac242d,6659f5f03977156d900992cb,Fri May 31 2024 16:08:16 GMT+0000 (Coordinated Universal Time),Fri May 31 2024 16:08:16 GMT+0000 (Coordinated Universal Time),Tue Jun 11 2024 07:33:21 GMT+0000 (Coordinated Universal Time),https://uploads-ssl.webflow.com/646a27a54df1a31225a90bae/6659f5ed3977156d90098f35_image12.jpeg,https://uploads-ssl.webflow.com/646a27a54df1a31225a90bae/6659f5ed3977156d90098f38_image11.jpeg,Vestibulum ante ipsum primis in faucibus orci luctus et ultrices posuere cubilia curae,"Maecenas euismod sapien eu arcu convallis, vitae vestibulum ipsum maximus. Maecenas euismod sapien eu arcu conval"
