Name,Slug,Collection ID,Item ID,Created On,Updated On,Published On,description,color,featured
Auto,auto,6684ba069ec1eef4374ee7de,6685043f84268012735a22cf,Wed Jul 03 2024 07:56:47 GMT+0000 (Coordinated Universal Time),Wed Jul 03 2024 07:56:47 GMT+0000 (Coordinated Universal Time),Wed Jul 03 2024 07:56:47 GMT+0000 (Coordinated Universal Time),,#eb0ca1,
Bar,bar-04317,6684ba069ec1eef4374ee7de,6685044194dd4a9c61c4c5da,Wed Jul 03 2024 07:56:49 GMT+0000 (Coordinated Universal Time),Wed Jul 03 2024 07:56:49 GMT+0000 (Coordinated Universal Time),Wed Jul 03 2024 07:56:49 GMT+0000 (Coordinated Universal Time),,#27867c,
Business-candle,business-candle-1efb7,6684ba069ec1eef4374ee7de,6685044388689ebfc1496cb2,Wed Jul 03 2024 07:56:51 GMT+0000 (Coordinated Universal Time),Wed Jul 03 2024 07:56:51 GMT+0000 (Coordinated Universal Time),Wed Jul 03 2024 07:56:51 GMT+0000 (Coordinated Universal Time),,#9e742e,
Business-Pizza,business-pizza-40bf4,6684ba069ec1eef4374ee7de,668504459976f1606046c087,Wed Jul 03 2024 07:56:53 GMT+0000 (Coordinated Universal Time),Wed Jul 03 2024 07:56:53 GMT+0000 (Coordinated Universal Time),Wed Jul 03 2024 07:56:53 GMT+0000 (Coordinated Universal Time),,#0ae995,
Carwash,carwash-a5dcb,6684ba069ec1eef4374ee7de,6685044851b58f8fac7b6bc6,Wed Jul 03 2024 07:56:56 GMT+0000 (Coordinated Universal Time),Wed Jul 03 2024 07:56:56 GMT+0000 (Coordinated Universal Time),Wed Jul 03 2024 07:56:56 GMT+0000 (Coordinated Universal Time),,#7d4f2d,no
Cellphone,cellphone-c166a,6684ba069ec1eef4374ee7de,6685044a4745b9bc6668ff82,Wed Jul 03 2024 07:56:58 GMT+0000 (Coordinated Universal Time),Wed Jul 03 2024 07:56:58 GMT+0000 (Coordinated Universal Time),Wed Jul 03 2024 07:56:58 GMT+0000 (Coordinated Universal Time),,#e81abe,no
Cigar,cigar-fc230,6684ba069ec1eef4374ee7de,6685044b51b58f8fac7b722e,Wed Jul 03 2024 07:56:59 GMT+0000 (Coordinated Universal Time),Wed Jul 03 2024 07:56:59 GMT+0000 (Coordinated Universal Time),Wed Jul 03 2024 07:56:59 GMT+0000 (Coordinated Universal Time),,#d3392f,
Coffee,coffee-f3c7d,6684ba069ec1eef4374ee7de,6685044c5d6d71b5174cd737,Wed Jul 03 2024 07:57:00 GMT+0000 (Coordinated Universal Time),Wed Jul 03 2024 07:57:00 GMT+0000 (Coordinated Universal Time),Wed Jul 03 2024 07:57:00 GMT+0000 (Coordinated Universal Time),,#b76ba4,
Costco,costco-ca9a7,6684ba069ec1eef4374ee7de,6685044f8a955afcf905fbdb,Wed Jul 03 2024 07:57:03 GMT+0000 (Coordinated Universal Time),Wed Jul 03 2024 07:57:03 GMT+0000 (Coordinated Universal Time),Wed Jul 03 2024 07:57:03 GMT+0000 (Coordinated Universal Time),,#1ac428,
Cycling,cycling-98cc6,6684ba069ec1eef4374ee7de,66850450e03cddc1e01942b1,Wed Jul 03 2024 07:57:04 GMT+0000 (Coordinated Universal Time),Wed Jul 03 2024 07:57:04 GMT+0000 (Coordinated Universal Time),Wed Jul 03 2024 07:57:04 GMT+0000 (Coordinated Universal Time),,#15dc6b,
Dining,dining-ab179,6684ba069ec1eef4374ee7de,66850451e03cddc1e01943bd,Wed Jul 03 2024 07:57:05 GMT+0000 (Coordinated Universal Time),Wed Jul 03 2024 07:57:05 GMT+0000 (Coordinated Universal Time),Wed Jul 03 2024 07:57:05 GMT+0000 (Coordinated Universal Time),,#bd40f6,
Donation,donation-3e15e,6684ba069ec1eef4374ee7de,66850453bc7dd9d1374a7805,Wed Jul 03 2024 07:57:07 GMT+0000 (Coordinated Universal Time),Wed Jul 03 2024 07:57:07 GMT+0000 (Coordinated Universal Time),Wed Jul 03 2024 07:57:07 GMT+0000 (Coordinated Universal Time),,#da3288,no
Fashion,fashion-5b2ae,6684ba069ec1eef4374ee7de,66850454ac4523f39caa6891,Wed Jul 03 2024 07:57:08 GMT+0000 (Coordinated Universal Time),Wed Jul 03 2024 07:57:08 GMT+0000 (Coordinated Universal Time),Wed Jul 03 2024 07:57:08 GMT+0000 (Coordinated Universal Time),,#dee42c,no
Fitness,fitness-65e83,6684ba069ec1eef4374ee7de,668504551458bc54d974d5a0,Wed Jul 03 2024 07:57:09 GMT+0000 (Coordinated Universal Time),Wed Jul 03 2024 07:57:09 GMT+0000 (Coordinated Universal Time),Wed Jul 03 2024 07:57:09 GMT+0000 (Coordinated Universal Time),,#935630,
Flight,flight-26d05,6684ba069ec1eef4374ee7de,66850456e03cddc1e0194a3a,Wed Jul 03 2024 07:57:10 GMT+0000 (Coordinated Universal Time),Wed Jul 03 2024 07:57:10 GMT+0000 (Coordinated Universal Time),Wed Jul 03 2024 07:57:10 GMT+0000 (Coordinated Universal Time),,#dc2a2c,
Fuel,fuel,6684ba069ec1eef4374ee7de,6685045884268012735a477c,Wed Jul 03 2024 07:57:11 GMT+0000 (Coordinated Universal Time),Wed Jul 03 2024 07:57:11 GMT+0000 (Coordinated Universal Time),Wed Jul 03 2024 07:57:11 GMT+0000 (Coordinated Universal Time),,#44a26e,
Gift-JZ,gift-jz-923e5,6684ba069ec1eef4374ee7de,66850459e3ebac0d564dc229,Wed Jul 03 2024 07:57:13 GMT+0000 (Coordinated Universal Time),Wed Jul 03 2024 07:57:13 GMT+0000 (Coordinated Universal Time),Wed Jul 03 2024 07:57:13 GMT+0000 (Coordinated Universal Time),,#fae583,
Gift-Mom,gift-mom-80bc5,6684ba069ec1eef4374ee7de,6685045ac1f5023024972a28,Wed Jul 03 2024 07:57:14 GMT+0000 (Coordinated Universal Time),Wed Jul 03 2024 07:57:14 GMT+0000 (Coordinated Universal Time),Wed Jul 03 2024 07:57:14 GMT+0000 (Coordinated Universal Time),,#871779,
Gift-Sister,gift-sister-befbf,6684ba069ec1eef4374ee7de,6685045c5554e0117a657467,Wed Jul 03 2024 07:57:16 GMT+0000 (Coordinated Universal Time),Wed Jul 03 2024 07:57:16 GMT+0000 (Coordinated Universal Time),Wed Jul 03 2024 07:57:16 GMT+0000 (Coordinated Universal Time),,#1b3f30,
Golf,golf-56dc7,6684ba069ec1eef4374ee7de,6685045dda8b68f8999c7040,Wed Jul 03 2024 07:57:17 GMT+0000 (Coordinated Universal Time),Wed Jul 03 2024 07:57:17 GMT+0000 (Coordinated Universal Time),Wed Jul 03 2024 07:57:17 GMT+0000 (Coordinated Universal Time),,#9b3eb5,
Guitar,guitar-79a7a,6684ba069ec1eef4374ee7de,6685045e266049a40f62ae23,Wed Jul 03 2024 07:57:18 GMT+0000 (Coordinated Universal Time),Wed Jul 03 2024 07:57:18 GMT+0000 (Coordinated Universal Time),Wed Jul 03 2024 07:57:18 GMT+0000 (Coordinated Universal Time),,#212a6b,
Holiday,holiday-431ee,6684ba069ec1eef4374ee7de,6685045f94dd4a9c61c4e9f1,Wed Jul 03 2024 07:57:19 GMT+0000 (Coordinated Universal Time),Wed Jul 03 2024 07:57:19 GMT+0000 (Coordinated Universal Time),Wed Jul 03 2024 07:57:19 GMT+0000 (Coordinated Universal Time),,#651201,
Home,home-4e45b,6684ba069ec1eef4374ee7de,66850460e3ebac0d564dcaa4,Wed Jul 03 2024 07:57:20 GMT+0000 (Coordinated Universal Time),Wed Jul 03 2024 07:57:20 GMT+0000 (Coordinated Universal Time),Wed Jul 03 2024 07:57:20 GMT+0000 (Coordinated Universal Time),,#2fc91a,
Home-Depot,home-depot-0450e,6684ba069ec1eef4374ee7de,66850461bc7dd9d1374a8cd0,Wed Jul 03 2024 07:57:21 GMT+0000 (Coordinated Universal Time),Wed Jul 03 2024 07:57:21 GMT+0000 (Coordinated Universal Time),Wed Jul 03 2024 07:57:21 GMT+0000 (Coordinated Universal Time),,#ff6a4c,
Hotel,hotel-962d5,6684ba069ec1eef4374ee7de,66850462b7c5cf9e5ccc0c18,Wed Jul 03 2024 07:57:22 GMT+0000 (Coordinated Universal Time),Wed Jul 03 2024 07:57:22 GMT+0000 (Coordinated Universal Time),Wed Jul 03 2024 07:57:22 GMT+0000 (Coordinated Universal Time),,#12cca3,
Lifestyle,lifestyle-f71b6,6684ba069ec1eef4374ee7de,66850464b7c5cf9e5ccc0fc3,Wed Jul 03 2024 07:57:24 GMT+0000 (Coordinated Universal Time),Wed Jul 03 2024 07:57:24 GMT+0000 (Coordinated Universal Time),Wed Jul 03 2024 07:57:24 GMT+0000 (Coordinated Universal Time),,#58ea6d,
Live,live-5edbc,6684ba069ec1eef4374ee7de,66850465093df1cebe14ba34,Wed Jul 03 2024 07:57:25 GMT+0000 (Coordinated Universal Time),Wed Jul 03 2024 07:57:25 GMT+0000 (Coordinated Universal Time),Wed Jul 03 2024 07:57:25 GMT+0000 (Coordinated Universal Time),,#8a5cb4,
Menards,menards-e4390,6684ba069ec1eef4374ee7de,66850466e03cddc1e0195bd8,Wed Jul 03 2024 07:57:26 GMT+0000 (Coordinated Universal Time),Wed Jul 03 2024 07:57:26 GMT+0000 (Coordinated Universal Time),Wed Jul 03 2024 07:57:26 GMT+0000 (Coordinated Universal Time),,#1b347a,
Nightclub,nightclub-43e9b,6684ba069ec1eef4374ee7de,668504670e83c290c366456d,Wed Jul 03 2024 07:57:27 GMT+0000 (Coordinated Universal Time),Wed Jul 03 2024 07:57:27 GMT+0000 (Coordinated Universal Time),Wed Jul 03 2024 07:57:27 GMT+0000 (Coordinated Universal Time),,#50074f,
Park,park,6684ba069ec1eef4374ee7de,66850468ea8f809fab08f354,Wed Jul 03 2024 07:57:28 GMT+0000 (Coordinated Universal Time),Wed Jul 03 2024 07:57:28 GMT+0000 (Coordinated Universal Time),Wed Jul 03 2024 07:57:28 GMT+0000 (Coordinated Universal Time),,#4d8441,
Personal,personal-1b929,6684ba069ec1eef4374ee7de,66850468bc7dd9d1374a9892,Wed Jul 03 2024 07:57:28 GMT+0000 (Coordinated Universal Time),Wed Jul 03 2024 07:57:28 GMT+0000 (Coordinated Universal Time),Wed Jul 03 2024 07:57:28 GMT+0000 (Coordinated Universal Time),,#4576bc,
Pet,pet-2badf,6684ba069ec1eef4374ee7de,66850469e03cddc1e0195ecc,Wed Jul 03 2024 07:57:29 GMT+0000 (Coordinated Universal Time),Wed Jul 03 2024 07:57:29 GMT+0000 (Coordinated Universal Time),Wed Jul 03 2024 07:57:29 GMT+0000 (Coordinated Universal Time),,#abfcf4,
Proposal,proposal-c0a5c,6684ba069ec1eef4374ee7de,6685046a9976f1606046e656,Wed Jul 03 2024 07:57:30 GMT+0000 (Coordinated Universal Time),Wed Jul 03 2024 07:57:30 GMT+0000 (Coordinated Universal Time),Wed Jul 03 2024 07:57:30 GMT+0000 (Coordinated Universal Time),,#2db5e9,
Race,race,6684ba069ec1eef4374ee7de,6685046bf0e94e55b14cb470,Wed Jul 03 2024 07:57:31 GMT+0000 (Coordinated Universal Time),Wed Jul 03 2024 07:57:31 GMT+0000 (Coordinated Universal Time),Wed Jul 03 2024 07:57:31 GMT+0000 (Coordinated Universal Time),,#5bb141,
Rideshare,rideshare-1302e,6684ba069ec1eef4374ee7de,6685046c5d6d71b5174d0844,Wed Jul 03 2024 07:57:32 GMT+0000 (Coordinated Universal Time),Wed Jul 03 2024 07:57:32 GMT+0000 (Coordinated Universal Time),Wed Jul 03 2024 07:57:32 GMT+0000 (Coordinated Universal Time),,#4d8441,
Spirits,spirits,6684ba069ec1eef4374ee7de,6685046e969bb1253376807a,Wed Jul 03 2024 07:57:34 GMT+0000 (Coordinated Universal Time),Wed Jul 03 2024 07:57:34 GMT+0000 (Coordinated Universal Time),Wed Jul 03 2024 07:57:34 GMT+0000 (Coordinated Universal Time),,#7978b7,
Studio,studio,6684ba069ec1eef4374ee7de,6685046fe3ebac0d564de0cb,Wed Jul 03 2024 07:57:35 GMT+0000 (Coordinated Universal Time),Wed Jul 03 2024 07:57:35 GMT+0000 (Coordinated Universal Time),Wed Jul 03 2024 07:57:35 GMT+0000 (Coordinated Universal Time),,#8973bc,
Tech,tech,6684ba069ec1eef4374ee7de,668504709f8636590cdb838a,Wed Jul 03 2024 07:57:36 GMT+0000 (Coordinated Universal Time),Wed Jul 03 2024 07:57:36 GMT+0000 (Coordinated Universal Time),Wed Jul 03 2024 07:57:36 GMT+0000 (Coordinated Universal Time),,#001daf,
Train,train,6684ba069ec1eef4374ee7de,66850471da8b68f8999c9139,Wed Jul 03 2024 07:57:37 GMT+0000 (Coordinated Universal Time),Wed Jul 03 2024 07:57:37 GMT+0000 (Coordinated Universal Time),Wed Jul 03 2024 07:57:37 GMT+0000 (Coordinated Universal Time),,#fab063,
Wedding,wedding,6684ba069ec1eef4374ee7de,6685047181a377ce71c7e7ff,Wed Jul 03 2024 07:57:37 GMT+0000 (Coordinated Universal Time),Wed Jul 03 2024 07:57:37 GMT+0000 (Coordinated Universal Time),Wed Jul 03 2024 07:57:37 GMT+0000 (Coordinated Universal Time),,#4b3dc1,
Wine,wine,6684ba069ec1eef4374ee7de,668504724bc19744ab1874f7,Wed Jul 03 2024 07:57:38 GMT+0000 (Coordinated Universal Time),Wed Jul 03 2024 07:57:38 GMT+0000 (Coordinated Universal Time),Wed Jul 03 2024 07:57:38 GMT+0000 (Coordinated Universal Time),,#efc493,
